facility_id,name,address,city,state,zip_code
010039,HUNTSVILLE HOSPITAL,101 SIVLEY RD,HUNTSVILLE,AL,35801
010062,WIREGRASS MEDICAL CENTER,1200 W MAPLE AVENUE,GENEVA,AL,36340
010065,RUSSELL MEDICAL CENTER,3316 HIGHWAY 280,ALEXANDER CITY,AL,35010
010073,CLAY COUNTY HOSPITAL,83825 HIGHWAY 9    P O BOX 1270,ASHLAND,AL,36251
010087,USA HEALTH UNIVERSITY HOSPITAL,2451 FILLINGIM STREET,MOBILE,AL,36617
010090,"USA HEALTH HCA PROVIDENCE HOSPITAL, LLC",6801 AIRPORT BOULEVARD,MOBILE,AL,36608
010095,HALE COUNTY HOSPITAL,508 GREENE STREET,GREENSBORO,AL,36744
010104,GRANDVIEW MEDICAL CENTER,3690 GRANDVIEW PARKWAY,BIRMINGHAM,AL,35243
010112,WHITFIELD REGIONAL HOSPITAL,105 HIGHWAY 80 EAST,DEMOPOLIS,AL,36732
010125,LAKELAND COMMUNITY HOSPITAL,42024 HIGHWAY 195 E,HALEYVILLE,AL,35565
010128,JACKSON MEDICAL CENTER,220 HOSPITAL DRIVE,JACKSON,AL,36545
010158,RUSSELLVILLE HOSPITAL,15155 HIGHWAY 43,RUSSELLVILLE,AL,35653
011304,OCHSNER CHOCTAW GENERAL,"401 VANITY FAIR LANE, PO BOX 618",BUTLER,AL,36904
011308,CRENSHAW COMMUNITY HOSPITAL,101 HOSPITAL CIRCLE,LUVERNE,AL,36049
011309,WIREGRASS MEDICAL CENTER,1200 W MAPLE AVENUE,GENEVA,AL,36340
011311,LAKELAND COMMUNITY HOSPITAL,42024 HIGHWAY 195 E,HALEYVILLE,AL,35565
014007,BRYCE HOSPITAL,1651 RUBY TYLER PKWY,TUSCALOOSA,AL,35404
014015,BEACON CHILDREN'S HOSPITAL,150 HOSPITAL DRIVE,LUVERNE,AL,36049
014018,UNITY PSYCHIATRIC CARE - HUNTSVILLE,"5315 MILLENIUM DRIVE, NW",HUNTSVILLE,AL,35806
020018,YUKON KUSKOKWIM DELTA REG HOSPITAL,PO BOX 287,BETHEL,AK,99559
02014F,Bassett ACH (FT Wainwright),4076 Neely Rd,Fort Wainwright,AK,99703
021301,PROVIDENCE VALDEZ MEDICAL CENTER,PO BOX 550,VALDEZ,AK,99686
021304,PETERSBURG MEDICAL CENTER,PO BOX 589,PETERSBURG,AK,99833
021308,NORTON SOUND REGIONAL HOSPITAL,1000 GREG KRUSCHEK AVENUE (P O BOX 966),NOME,AK,99762
021309,BRISTOL BAY DBA KANAKANAK HOSPITAL,P O BOX 130,DILLINGHAM,AK,99576
021310,MANIILAQ HEALTH CENTER,PO BOX 43,KOTZEBUE,AK,99752
030010,ST. MARY'S HOSPITAL,1601 WEST ST MARY'S ROAD,TUCSON,AZ,85745
030055,KINGMAN REGIONAL MEDICAL CENTER,3269 STOCKTON HILL ROAD,KINGMAN,AZ,86401
030062,SUMMIT HEALTHCARE REGIONAL MEDICAL CENTER,2200 EAST SHOW LOW LAKE ROAD,SHOW LOW,AZ,85901
030071,FORT DEFIANCE INDIAN HOSPITAL,PO BOX 649,FT. DEFIANCE,AZ,86504
030073,TUBA CITY REGIONAL HEALTH CARE CORPORATION,PO BOX 600,TUBA CITY,AZ,86045
030074,SELLS HOSPITAL,"HIGHWAY 86, AT TOPAWA ROAD",SELLS,AZ,85634
030084,CHINLE COMPREHENSIVE HEALTH CARE FACILITY,"US HWY 191, HOSPITAL ROAD",CHINLE,AZ,86503
030085,NORTHWEST MEDICAL CENTER,6200 NORTH LA CHOLLA BOULEVARD,TUCSON,AZ,85741
030107,ARIZONA SPINE AND JOINT HOSPITAL,4620 EAST BASELINE ROAD,MESA,AZ,85206
030115,BANNER ESTRELLA MEDICAL CENTER,9201 WEST THOMAS ROAD,PHOENIX,AZ,85037
030121,HONORHEALTH FOUR PEAKS MEDICAL CENTER,1301 SOUTH CRISMON ROAD,MESA,AZ,85209
030138,CITY OF HOPE CANCER CENTER PHOENIX,14200 WEST CELEBRATE LIFE WAY,GOODYEAR,AZ,85338
030139,DIGNITY HEALTH ARIZONA GENERAL HOSPITAL,9130 EAST ELLIOT ROAD,MESA,AZ,85212
030152,EXCEPTIONAL COMMUNITY HOSPITAL - MARICOPA,19060 NORTH JOHN WAYNE PARKWAY,MARICOPA,AZ,85139
030153,EAST VALLEY ER & HOSPITAL,5656 SOUTH POWER RD,GILBERT,AZ,85295
030195,KAYENTA ALTERNATIVE RURAL HOSPITAL,"US HWY 160, S MP 394, KAYENTA, AZ 86033-0368",KAYENTA,AZ,86033
03033F,VA NORTHERN ARIZONA HEALTHCARE SYSTEM,500 HIGHWAY 89 NORTH,PRESCOTT,AZ,86313
031304,PAGE HOSPITAL,501 NORTH NAVAJO DRIVE,PAGE,AZ,86040
031305,HOPI HEALTH CARE CENTER,"HIGHWAY 264, MILEPOST 388",POLACCA,AZ,86042
031307,PARKER INDIAN HEALTH CENTER,12033 AGENCY ROAD,PARKER,AZ,85344
031308,HUHU KAM MEMORIAL HOSPITAL,483 WEST SEED FARM ROAD,SACATON,AZ,85147
031309,SAGE MEMORIAL HOSPITAL,HIGHWAY 264 WEST AND 191 SOUTH,GANADO,AZ,86505
031314,COBRE VALLEY REGIONAL MEDICAL CENTER,5880 SOUTH HOSPITAL DRIVE,GLOBE,AZ,85501
031317,LA PAZ REGIONAL HOSPITAL,1200 WEST MOHAVE ROAD,PARKER,AZ,85344
031318,BANNER PAYSON MEDICAL CENTER,807 SOUTH PONDEROSA DRIVE,PAYSON,AZ,85541
031320,SAN CARLOS APACHE HEALTHCARE CORPORATION,103 MEDICINE WAY ROAD,PERIDOT,AZ,85542
034040,VIA LINDA BEHAVIORAL HOSPITAL,9160 EAST HORSESHOE RD,SCOTTSDALE,AZ,85258
034041,AGAVE RIDGE BEHAVIORAL HOSPITAL,3322 SOUTH ELLSWORTH ROAD,MESA,AZ,85212
040007,CHI-ST VINCENT INFIRMARY,TWO ST VINCENT CIRCLE,LITTLE ROCK,AR,72205
04009F,FAYETTEVILLE AR VA MEDICAL CENTER,1100 N. COLLEGE AVENUE,FAYETTEVILLE,AR,72703
040114,BAPTIST HEALTH MEDICAL CENTER-LITTLE ROCK,9601 BAPTIST HEALTH DRIVE,LITTLE ROCK,AR,72205
040161,ARKANSAS HEART HOSPITAL-ENCORE,1901 ENCORE WAY,BRYANT,AR,72019
041312,BAPTIST HEALTH MEDICAL CENTER HEBER SPRINGS,1800 BYPASS ROAD,HEBER SPRINGS,AR,72543
041328,CHICOT MEMORIAL MEDICAL CENTER,2729 SOUTH HIGHWAY 65 & 82,LAKE VILLAGE,AR,71653
041329,MERCY HOSPITAL BERRYVILLE,214 CARTER STREET,BERRYVILLE,AR,72616
041333,SEVIER COUNTY MEDICAL CENTER,960 HWY 71 N,DE QUEEN,AR,71832
050043,ALTA BATES SUMMIT MEDICAL CENTER,350 HAWTHORNE AVENUE,OAKLAND,CA,94609
050071,KAISER FOUNDATION HOSPITAL-SANTA CLARA,700 LAWRENCE EXPRESSWAY,SANTA CLARA,CA,95051
050104,SAINT FRANCIS MEDICAL CENTER,3630 EAST IMPERIAL HIGHWAY,LYNWOOD,CA,90262
050121,ADVENTIST HEALTH HANFORD,115 MALL DRIVE,HANFORD,CA,93230
050128,TRI-CITY MEDICAL CENTER,4002 VISTA WAY,OCEANSIDE,CA,92056
050169,PIH HEALTH HOSPITAL-WHITTIER,12401 WASHINGTON BLVD,WHITTIER,CA,90602
050191,ST MARY MEDICAL CENTER,1050 LINDEN AVE,LONG BEACH,CA,90813
050197,SEQUOIA HOSPITAL,170 ALAMEDA DE LAS PULGAS,REDWOOD CITY,CA,94062
05020F,NH Camp Pendleton,200 Mercy Cir,Camp Pendleton,CA,92055
050290,SAINT JOHN'S HEALTH CENTER,2121 SANTA MONICA BLVD,SANTA MONICA,CA,90404
050300,PROVIDENCE ST MARY MEDICAL CENTER,18300 HIGHWAY 18,APPLE VALLEY,CA,92307
050309,SUTTER ROSEVILLE MEDICAL CENTER,ONE MEDICAL PLAZA,ROSEVILLE,CA,95661
050336,ADVENTIST HEALTH LODI MEMORIAL,975 S FAIRMONT AVENUE,LODI,CA,95240
050367,NORTHBAY MEDICAL CENTER,1200 B  GALE WILSON BLVD,FAIRFIELD,CA,94533
05041F,Weed ACH (FT Irwin),390 N Loop Rd,Fort Irwin,CA,92310
050441,STANFORD HEALTH CARE,300 PASTEUR DRIVE,STANFORD,CA,94305
050485,MEMORIALCARE LONG BEACH MEDICAL CENTER,2801 ATLANTIC AVE,LONG BEACH,CA,90806
050492,CLOVIS COMMUNITY MEDICAL CENTER,2755 HERNDON AVE,CLOVIS,CA,93611
050523,SUTTER DELTA MEDICAL CENTER,3901 LONE TREE WAY,ANTIOCH,CA,94509
050573,EISENHOWER MEDICAL CENTER,39-000 BOB HOPE DRIVE,RANCHO MIRAGE,CA,92270
050580,LA PALMA INTERCOMMUNITY HOSPITAL,7901 WALKER STREET,LA PALMA,CA,90623
050624,HENRY MAYO NEWHALL  HOSPITAL,23845  MCBEAN PKWY,VALENCIA,CA,91355
050689,SAN RAMON REGIONAL MEDICAL CENTER,6001 NORRIS CANYON ROAD,SAN RAMON,CA,94583
050690,KAISER FOUNDATION HOSPITAL-SANTA ROSA,401 BICENTENNIAL WAY,SANTA ROSA,CA,95403
050735,WHITTIER HOSPITAL MEDICAL CENTER,9080 COLIMA RD,WHITTIER,CA,90605
050760,KAISER FOUNDATION HOSPITAL - ANTIOCH,4501 SAND CREEK ROAD,ANTIOCH,CA,94531
050767,KAISER FOUNDATION HOSPITAL - VACAVILLE,1 QUALITY DRIVE,VACAVILLE,CA,95688
050784,ADVENTIST HEALTH TULARE,869 NORTH CHERRY STREET,TULARE,CA,93274
05114F,VA SAN DIEGO HEALTHCARE SYSTEM,3350 LA JOLLA VILLAGE DRIVE,SAN DIEGO,CA,92161
05128F,VA GREATER LOS ANGELES HEALTHCARE SYSTEM,11301 WILSHIRE BLVD.,LOS ANGELES,CA,90073
051301,ADVENTIST HEALTH TEHACHAPI VALLEY,1100 MAGELLAN,TEHACHAPI,CA,93561
051308,SURPRISE VALLEY COMMUNITY HOSPITAL,741 NORTH MAIN STREET,CEDARVILLE,CA,96104
051310,ADVENTIST HEALTH HOWARD MEMORIAL,1 MARCELA DR,WILLITS,CA,95490
051312,MOUNTAINS COMMUNITY HOSPITAL,29101 HOSPITAL ROAD,LAKE ARROWHEAD,CA,92352
051317,ADVENTIST HEALTH CLEARLAKE,15630 18TH AVE - HWY 53,CLEARLAKE,CA,95422
053309,MEMORIAL CARE MILLER CHILDREN'S &  WOMEN'S HOSP LB,2801 ATLANTIC AVENUE,LONG BEACH,CA,90806
054032,BHC ALHAMBRA HOSPITAL,4619 N ROSEMEAD BLVD,ROSEMEAD,CA,91770
054089,JEWISH HOME & REHAB CENTER,302  SILVER AVENUE,SAN FRANCISCO,CA,94112
054133,DEPT OF STATE HOSPITALS - METROPOLITAN - PSY,11401 S NORWALK BLVD,NORWALK,CA,90650
054150,KAISER PERMANENTE PSYCHIATRIC HEALTH FACILITY-SANT,3840 HOMESTEAD ROAD,SANTA CLARA,CA,95051
054158,"ALISO RIDGE BEHAVIORAL HEALTH, LLC",200 FREEDOM LN,ALISO VIEJO,CA,92656
060001,BANNER NORTH COLORADO MEDICAL CENTER,1801 16TH ST,GREELEY,CO,80631
060004,INTERMOUNTAIN HEALTH PLATTE VALLEY HOSPITAL,1600 PRAIRIE CENTER PKWY,BRIGHTON,CO,80601
060013,MERCY REGIONAL MEDICAL CENTER,1010 THREE SPRINGS BLVD,DURANGO,CO,81301
060020,"PARKVIEW MEDICAL CENTER, INC",400 W 16TH ST,PUEBLO,CO,81003
060028,SAINT JOSEPH HOSPITAL,1375 E 19TH AVE,DENVER,CO,80218
060031,CENTURA HEALTH-PENROSE ST FRANCIS HEALTH SERVICES,2222 N NEVADA AVE,COLORADO SPRINGS,CO,80907
06007F,GRAND JUNCTION VA MEDICAL CENTER,2121 N. AVENUE,GRAND JUNCTION,CO,81501
060118,ST ANTHONY SUMMIT MEDICAL CENTER,340 PEAK ONE DRIVE,FRISCO,CO,80443
060119,MEDICAL CENTER OF THE ROCKIES,2500 ROCKY MOUNTAIN AVE,LOVELAND,CO,80538
060126,BANNER FORT COLLINS MEDICAL CENTER,4700 LADY MOON DR,FORT COLLINS,CO,80528
060130,UCHEALTH GRANDVIEW HOSPITAL,5623 PULPIT PEAK VW,COLORADO SPRINGS,CO,80918
060133,ST FRANCIS HOSPITAL - INTERQUEST,10860 NEW ALLEGIANCE DR,COLORADO SPRINGS,CO,80921
061303,EAST MORGAN COUNTY HOSPITAL,2400 W EDISON ST,BRUSH,CO,80723
061312,ESTES PARK MEDICAL CENTER,555 PROSPECT AVE,ESTES PARK,CO,80517
061317,GRAND RIVER HOSPITAL DISTRICT,501 AIRPORT RD,RIFLE,CO,81650
061322,HEART OF THE ROCKIES REGIONAL MEDICAL CENTER,1000 RUSH DR,SALIDA,CO,81201
061325,EASTERN RIO BLANCO COUNTY HEALTH SERVICE DISTRICT,100 PIONEERS MEDICAL CENTER DR,MEEKER,CO,81641
063303,CHILDREN'S HOSPITAL COLORADO - COLORADO SPRINGS,4090 BRIARGATE PKWY,COLORADO SPRINGS,CO,80920
070006,STAMFORD HOSPITAL,ONE HOSPITAL PLAZA,STAMFORD,CT,06904
070016,SAINT MARY'S HOSPITAL,56 FRANKLIN STREET,WATERBURY,CT,06706
070020,MIDDLESEX HOSPITAL,28 CRESCENT ST,MIDDLETOWN,CT,06457
070022,YALE-NEW HAVEN HOSPITAL,20 YORK ST,NEW HAVEN,CT,06504
070024,WILLIAM W BACKUS HOSPITAL,326 WASHINGTON ST,NORWICH,CT,06360
070031,GRIFFIN HOSPITAL,130 DIVISION ST,DERBY,CT,06418
070036,JOHN DEMPSEY HOSPITAL OF THE UNIVERSITY OF CONNECT,263 FARMINGTON AVE,FARMINGTON,CT,06032
074003,CONNECTICUT VALLEY HOSP,1000 SILVER ST,MIDDLETOWN,CT,06457
074008,NATCHAUG HOSPITAL,189 STORRS RD,MANSFIELD CENTER,CT,06250
074011,CONNECTICUT MENTAL HEALTH CENTER,34 PARK STREET,NEW HAVEN,CT,06508
074016,MASONICARE HEALTH CENTER,22 MASONIC AVE BLDG STURGES,WALLINGFORD,CT,06492
080009,"BAYHEALTH HOSPITAL, SUSSEX CAMPUS",100 WELLNESS WAY,MILFORD,DE,19963
100040,ASCENSION ST VINCENT'S RIVERSIDE,1 SHIRCLIFF WAY,JACKSONVILLE,FL,32204
100046,Adventhealth Zephyrhills,7050 GALL BLVD,ZEPHYRHILLS,FL,33541
100053,HIALEAH HOSPITAL,651 E 25TH ST,HIALEAH,FL,33013
100054,HCA FLORIDA TWIN CITIES HOSPITAL,2190 HWY 85 N,NICEVILLE,FL,32578
100057,ADVENTHEALTH WATERMAN,1000 WATERMAN WAY,TAVARES,FL,32778
100071,TAMPA GENERAL HOSPITAL BROOKSVILLE,17240 CORTEZ BLVD,BROOKSVILLE,FL,34601
100093,BAPTIST HOSPITAL,123 BAPTIST WAY,PENSACOLA,FL,32503
100121,BARTOW REGIONAL MEDICAL CENTER,2200 OSPREY BLVD,BARTOW,FL,33830
100125,HOMESTEAD HOSPITAL,975 BAPTIST WAY,HOMESTEAD,FL,33033
100128,TAMPA GENERAL HOSPITAL,1 TAMPA GENERAL CIR,TAMPA,FL,33606
100142,JACKSON HOSPITAL,4250 HOSPITAL DR,MARIANNA,FL,32446
100187,PALMETTO GENERAL HOSPITAL,2001 W 68TH ST,HIALEAH,FL,33016
100209,HCA FLORIDA KENDALL HOSPITAL,11750 BIRD RD,MIAMI,FL,33175
100224,UNIVERSITY HOSPITAL AND MEDICAL CENTER,7201 N UNIVERSITY DR,TAMARAC,FL,33321
100228,WESTSIDE REGIONAL MEDICAL CENTER,8201 W BROWARD BLVD,PLANTATION,FL,33324
100230,MEMORIAL HOSPITAL PEMBROKE,7800 SHERIDAN ST,PEMBROKE PINES,FL,33024
100249,TAMPA GENERAL HOSPITAL CRYSTAL RIVER,6201 N SUNCOAST BLVD,CRYSTAL RIVER,FL,34428
100265,MEASE COUNTRYSIDE HOSPITAL,3231 MCMULLEN BOOTH RD,SAFETY HARBOR,FL,34695
100281,MEMORIAL HOSPITAL WEST,703 N FLAMINGO RD,PEMBROKE PINES,FL,33028
100285,MEMORIAL HOSPITAL MIRAMAR,1901 SW 172ND AVE,MIRAMAR,FL,33029
100286,PHYSICIANS REGIONAL MEDICAL CENTER - PINE RIDGE,6101 PINE RIDGE ROAD,NAPLES,FL,34119
100292,SACRED HEART HOSPITAL ON THE EMERALD COAST,7800 US HWY 98 W,MIRAMAR BEACH,FL,32550
100315,VIERA HOSPITAL,8745 N WICKHAM RD,MELBOURNE,FL,32940
100320,HCA FLORIDA POINCIANA HOSPITAL,325 CYPRESS PKWY,KISSIMMEE,FL,34758
100321,ASCENSION ST VINCENT'S CLAY COUNTY,1670 ST VINCENTS WAY,MIDDLEBURG,FL,32068
100330,HALIFAX HEALTH /UF HEALTH MEDICAL CENTER OF DELTON,3300 HALIFAX CROSSINGS BLVD,DELTONA,FL,32725
100361,ASCENSION ST VINCENT'S ST JOHNS COUNTY,205 TRINITY WAY,ST. JOHNS,FL,32259
10057F,VA NORTH FLORIDA/SOUTH GEORGIA HEALTHCARE SYSTEM - GAINESVILLE,1601 S W ARCHER ROAD,GAINESVILLE,FL,32608
101304,CALHOUN-LIBERTY HOSPITAL,16257 STATE RD 71S,BLOUNTSTOWN,FL,32424
104063,AXIOM BEHAVIORAL HEALTH AT NAPLES,9001 TAMIAMI TRAIL EAST,NAPLES,FL,34113
104082,PALM POINT BEHAVIORAL HEALTH,2355 TRUMAN SCARBOROUGH WAY,TITUSVILLE,FL,32796
104087,NORTH PORT BEHAVIORAL HEALTH,4501 CITIZENS PARKWAY,NORTH PORT,FL,34288
110001,HAMILTON MEDICAL CENTER,1200 MEMORIAL DRIVE,DALTON,GA,30720
110005,NORTHSIDE HOSPITAL FORSYTH,1200 NORTHSIDE FORSYTH DRIVE,CUMMING,GA,30041
110010,EMORY UNIVERSITY HOSPITAL,"1364 CLIFTON ROAD, NE",ATLANTA,GA,30322
110016,WELLSTAR WEST GEORGIA MEDICAL CENTER,1514 VERNON ROAD,LAGRANGE,GA,30240
110024,CANDLER HOSPITAL,5353 REYNOLDS STREET,SAVANNAH,GA,31405
110027,"TY COBB REGIONAL MEDICAL CENTER, LLC",367 CLEAR CREEK PARKWAY,LAVONIA,GA,30553
110028,PIEDMONT AUGUSTA HOSPITAL,1350 WALTON WAY,AUGUSTA,GA,30901
110041,NORTHEAST GEORGIA MEDICAL CENTER HABERSHAM,541 HISTORIC HIGHWAY 441-NORTH,DEMOREST,GA,30535
110046,PIEDMONT WALTON HOSPITAL,2151 W SPRING STREET,MONROE,GA,30655
110050,ADVENTHEALTH MURRAY,"707 OLD DALTON ELLIJAY ROAD, PO BOX 1406",CHATSWORTH,GA,30705
110073,DORMINY MEDICAL CENTER,"200 PERRY HOUSE ROAD, BOX 1447",FITZGERALD,GA,31750
110087,NORTHSIDE HOSPITAL GWINNETT,1000 MEDICAL CENTER BOULEVARD,LAWRENCEVILLE,GA,30045
110128,MEMORIAL HEALTH MEADOWS HOSPITAL,ONE MEADOWS PARKWAY,VIDALIA,GA,30474
110191,PIEDMONT HENRY HOSPITAL,1133 EAGLE'S LANDING PARKWAY,STOCKBRIDGE,GA,30281
110194,DONALSONVILLE HOSPITAL INC,102 HOSPITAL CIR,DONALSONVILLE,GA,39845
110233,"SOUTHEASTERN REGIONAL MEDICAL CENTER, INC",600 CELEBRATE LIFE PARKWAY NORTH,NEWNAN,GA,30265
11032F,Martin ACH (FT Benning),6600 Van Aalst Blvd,Fort Benning,GA,31905
11035F,Winn ACH (FT Stewart),1061 Harmon Ave,Fort Stewart,GA,31314
111304,MORGAN MEDICAL CENTER,1740 LIONS CLUB ROAD,MADISON,GA,30650
111308,CLINCH MEMORIAL HOSPITAL,1050 VALDOSTA HIGHWAY,HOMERVILLE,GA,31634
111310,ATRIUM HEALTH NAVICENT PEACH,1960 HIGHWAY 247 CONNECTOR,BYRON,GA,31008
111313,PUTNAM GENERAL HOSPITAL,101 LAKE OCONEE PARKWAY,EATONTON,GA,31024
111316,WARM SPRINGS MEDICAL CENTER,5995 SPRING STREET,WARM SPRINGS,GA,31830
111330,ATRIUM HEALTH FLOYD POLK MEDICAL CENTER,2360 ROCKMART HIGHWAY,CEDARTOWN,GA,30125
111335,LIBERTY REGIONAL MEDICAL CENTER,462 E G MILES PARKWAY,HINESVILLE,GA,31313
111336,MOUNTAIN LAKES MEDICAL CENTER,162 LEGACY POINT,CLAYTON,GA,30525
113300,ATHUR M BLANK HOSPITAL,2220 NORTH DRUID HILLS ROAD NE,ATLANTA,GA,30329
120014,WILCOX MEMORIAL HOSPITAL,3-3420 KUHIO HIGHWAY,LIHUE,HI,96766
120028,"NORTH HAWAII COMMUNITY HOSPITAL, INC",67 1125 MAMALAHOA HIGHWAY,KAMUELA,HI,96743
121303,MOLOKAI GENERAL HOSPITAL,280 HOME OLU PLACE,KAUNAKAKAI,HI,96748
130049,KOOTENAI HEALTH,2003 KOOTENAI HEALTH WAY,COEUR D'ALENE,ID,83814
130779,CASCADE MEDICAL CENTER,402 LAKE CASCADE PARKWAY,CASCADE,ID,83611
131302,NORTH CANYON MEDICAL CENTER,267 NORTH CANYON DR,GOODING,ID,83330
140052,OSF SAINT ANTHONY'S HEALTH CENTER,ST ANTHONY'S WAY,ALTON,IL,62002
140062,PALOS COMMUNITY HOSPITAL,12251 SOUTH 80TH AVENUE,PALOS HEIGHTS,IL,60463
140065,UCHICAGO MEDICINE ADVENTHEALTH LA GRANGE,5101 S WILLOW SPRINGS RD,LA GRANGE,IL,60525
14007F,HINES VA MEDICAL CENTER,5000 SOUTH 5TH AVENUE,HINES,IL,60141
140161,SAINT JAMES HOSPITAL,2500 WEST REYNOLDS STREET,PONTIAC,IL,61764
140210,HARRISBURG MEDICAL CENTER,100 DOCTOR WARREN TUTTLE DR,HARRISBURG,IL,62946
140223,ADVOCATE LUTHERAN GENERAL HOSPITAL,1775 DEMPSTER ST,PARK RIDGE,IL,60068
140242,NORTHWESTERN MEDICINE CENTRAL DUPAGE HOSPITAL,25 NORTH WINFIELD ROAD,WINFIELD,IL,60190
140275,GENESIS HLTH SYSTEM DBA GENESIS MDL CTR-ILLINI,801 ILLINI DR,SILVIS,IL,61282
140286,NORTHWESTERN MEDICINE KISHWAUKEE HOSPITAL,ONE  KISH HOSPITAL DRIVE,DEKALB,IL,60115
140308,MERCYHEALTH HOSPITAL & PHYSICIAN CLINIC-CRYSTAL LA,875 S ROUTE 31,CRYSTAL LAKE,IL,60014
141302,MIDWEST MEDICAL CENTER,1 MEDICAL CENTER DRIVE,GALENA,IL,61036
141307,PINCKNEYVILLE COMMUNITY HOSPITAL,5383 STATE ROUTE 154,PINCKNEYVILLE,IL,62274
141310,OSF SAINT PAUL MEDICAL CENTER,1401 E 12TH STREET,MENDOTA,IL,61342
141328,HARDIN COUNTY GENERAL HOSPITAL & CLINIC,FERRELL ROAD,ROSICLARE,IL,62982
141347,CARLINVILLE AREA HOSPITAL,20733 N BROAD STREET,CARLINVILLE,IL,62626
144028,MADDEN MENTAL HEALTH CENTER,1200 S FIRST AVE,HINES,IL,60141
144040,CHICAGO BEHAVIORAL HOSPITAL,555 WILSON LANE,DES PLAINES,IL,60016
150008,ST CATHERINE HOSPITAL INC,4321 FIR STREET,EAST CHICAGO,IN,46312
150009,NORTON CLARK HOSPITAL,1220 MISSOURI AVE,JEFFERSONVILLE,IN,47130
150012,SAINT JOSEPH REGIONAL MEDICAL CENTER,5215 HOLY CROSS PKWY,MISHAWAKA,IN,46545
150015,FRANCISCAN HEALTH MICHIGAN CITY,3500 FRANCISCAN WAY,MICHIGAN CITY,IN,46360
150018,ELKHART GENERAL HOSPITAL,600 E BLVD,ELKHART,IN,46514
150069,NORTON-KING'S DAUGHTERS' HEALTH,1373 EAST SR 62,MADISON,IN,47250
150101,PARKVIEW WHITLEY HOSPITAL,1260 E SR 205,COLUMBIA CITY,IN,46725
150104,WITHAM HEALTH SERVICES,2605 N LEBANON ST,LEBANON,IN,46052
150153,ST VINCENT HEART CENTER,10580 N MERIDIAN ST,CARMEL,IN,46290
150166,PINNACLE HOSPITAL,9301 CONNECTICUT DR,CROWN POINT,IN,46307
150167,ORTHOPAEDIC HOSPITAL AT PARKVIEW NORTH,11130 PARKVIEW CIRCLE DR,FORT WAYNE,IN,46845
150173,INDIANA UNIVERSITY HEALTH ARNETT HOSPITAL,5165 MCCARTY LN,LAFAYETTE,IN,47905
150181,ASCENSION ST VINCENT FISHERS,13861 OLIO ROAD,FISHERS,IN,46037
150195,UCHICAGO MEDICINE NORTHWEST INDIANA,10855 VIRGINIA STREET,CROWN POINT,IN,46307
151317,GREENE COUNTY GENERAL HOSPITAL,1185 N 1000 W,LINTON,IN,47441
151324,"FRANCISCAN HEALTH RENSSELAER, INC",1104 E GRACE ST,RENSSELAER,IN,47978
160001,UNITYPOINT HEALTH - MARSHALLTOWN,55 UNITYPOINT WAY,MARSHALLTOWN,IA,50158
16004F,IOWA CITY VA MEDICAL CENTER,601 HIGHWAY 6 WEST,IOWA CITY,IA,52246
160117,FINLEY HOSPITAL,350 NORTH GRANDVIEW AVENUE,DUBUQUE,IA,52001
161315,KEOKUK COUNTY HEALTH CENTER,23019 HIGHWAY 149,SIGOURNEY,IA,52591
161321,AVERA MERRILL PIONEER HOSPITAL,1100 S 10TH AVE,ROCK RAPIDS,IA,51246
161352,CLARINDA REGIONAL HEALTH CENTER,220 ESSIE DAVISON DRIVE,CLARINDA,IA,51632
161353,KOSSUTH REGIONAL HEALTH CENTER,1515 SOUTH PHILLIPS STREET,ALGONA,IA,50511
161369,CRAWFORD COUNTY MEMORIAL HOSPITAL,100 MEDICAL PARKWAY,DENISON,IA,51442
161373,RINGGOLD COUNTY HOSPITAL,504 NORTH CLEVELAND STREET,MOUNT AYR,IA,50854
161377,MERCYONE CENTERVILLE MEDICAL CENTER,ONE ST JOSEPH'S DRIVE,CENTERVILLE,IA,52544
170006,"MERCY HOSPITAL PITTSBURG, INC",1 MT CARMEL WAY,PITTSBURG,KS,66762
170120,LABETTE HEALTH,1902 SOUTH US HWY 59,PARSONS,KS,67357
170203,MERCY SPECIALTY HOSPITAL SOUTHEAST KANSAS,1619 K 66,GALENA,KS,66739
171322,HAMILTON COUNTY HOSPITAL,700 NORTH HUSER STREET,SYRACUSE,KS,67878
171331,KIOWA DISTRICT HOSPITAL,1002 SOUTH 4TH STREET,KIOWA,KS,67070
171336,NESS COUNTY HOSPITAL DISTRICT #2,312 CUSTER STREET,NESS CITY,KS,67560
171344,WILSON MEDICAL CENTER,2600 OTTAWA ROAD,NEODESHA,KS,66757
171363,"COMMUNITY MEMORIAL HEALTHCARE, INC.",708 N 18TH STREET,MARYSVILLE,KS,66508
171373,ALLEN COUNTY REGIONAL HOSPITAL,3066 NORTH KENTUCKY STREET,IOLA,KS,66749
171382,AMBERWELL ATCHISON ASSOCIATION,800 RAVEN HILL DRIVE,ATCHISON,KS,66002
174022,ADAIR ACUTE CARE AT OSAWATOMIE STATE HOSPITAL,500 STATE HOSPITAL DRIVE,OSAWATOMIE,KS,66064
174026,CORTERRA OF WICHITA LLC,7447 WEST VILLAGE CIRCLE,WICHITA,KS,67205
180011,SAINT JOSEPH LONDON,1001 SAINT JOSEPH LANE,LONDON,KY,40741
180012,BAPTIST HEALTH HARDIN,913 NORTH DIXIE AVENUE,ELIZABETHTOWN,KY,42701
18003F,Blanchfield ACH (FT Campbell),650 Joel Dr,Fort Campbell,KY,42223
180044,PIKEVILLE MEDICAL CENTER,911 BYPASS ROAD,PIKEVILLE,KY,41501
180066,The Medical Center at Russellville,1625 NASHVILLE STREET,RUSSELLVILLE,KY,42276
180092,CLARK REGIONAL MEDICAL CENTER,175 HOSPITAL DRIVE,WINCHESTER,KY,40391
180780,FLEMING COUNTY HOSPITAL,55 FOUNDATION DRIVE,FLEMINGSBURG,KY,41041
181318,THE MEDICAL CENTER AT FRANKLIN,1100 BROOKHAVEN ROAD,FRANKLIN,KY,42135
181322,CALDWELL MEDICAL CENTER,100 MEDICAL CENTER DRIVE,PRINCETON,KY,42445
181331,MCDOWELL ARH HOSPITAL,9879 KENTUCKY ROUTE 122,MC DOWELL,KY,41647
181334,KENTUCKY RIVER MEDICAL CENTER,540 JETT DRIVE,JACKSON,KY,41339
184014,CUMBERLAND HALL HOSPITAL,270 WALTON WAY,HOPKINSVILLE,KY,42240
190008,TERREBONNE GENERAL MEDICAL CENTER - PARISH,8166 MAIN STREET,HOUMA,LA,70360
190020,LANE REGIONAL MEDICAL CENTER,6300 MAIN STREET,ZACHARY,LA,70791
190039,WEST JEFFERSON MEDICAL CENTER,1101 MEDICAL CENTER BLVD,MARRERO,LA,70072
190266,THE SPINE HOSPITAL OF LOUISIANA,"10105 PARK ROW CIRCLE, SUITE 250",BATON ROUGE,LA,70810
190319,ALEXANDRIA HOSPITAL,5900 COLISEUM BLVD,ALEXANDRIA,LA,71303
191300,ST HELENA PARISH HOSPITAL,16874 HIGHWAY 43,GREENSBURG,LA,70441
191318,RIVERLAND MEDICAL CENTER,6569 HWY 84,FERRIDAY,LA,71334
192008,SAGE SPECIALTY HOSPITAL,8375 FLORIDA BLVD,DENHAM SPRINGS,LA,70726
194008,EASTERN LA MENTAL HEALTH SYSTEM,4502 HIGHWAY 951,JACKSON,LA,70748
194088,"ST JAMES BEHAVIORAL HEALTH HOSPITAL, INC",3136 SOUTH ST LANDRY ROAD,GONZALES,LA,70737
194091,OCEANS BEHAVIORAL HOSPITAL OF KENTWOOD,921 AVENUE G,KENTWOOD,LA,70444
194096,OCEANS BEHAVIORAL HOSPITAL OF ALEXANDRIA,2621 NORTH BOLTON AVENUE,ALEXANDRIA,LA,71303
194112,BEACON BEHAVIORAL HOSPITAL - CENTRAL,"323 EVERGREEN STREET, SUITE B",BUNKIE,LA,71322
200018,NORTHERN LIGHT  A R GOULD HOSPITAL,PO BOX 151,PRESQUE ISLE,ME,04769
200039,MAINE GENERAL MEDICAL CENTER,35 MEDICAL CENTER PARKWAY,AUGUSTA,ME,04330
201311,DOWN EAST COMMUNITY HOSPITAL,11 HOSPITAL DRIVE,MACHIAS,ME,04654
201312,MAINEHEALTH WALDO HOSPITAL,118 NORTHPORT AVE,BELFAST,ME,04915
204008,RIVERVIEW PSYCHIATRIC CENTER,250 ARSENAL ST,AUGUSTA,ME,04330
210016,ADVENTIST HEALTHCARE WHITE OAK MEDICAL CENTER,11890 HEALING WAY,SILVER SPRING,MD,20904
21007F,Walter Reed National Military Med Cen,4494 Palmer Rd N,Bethesda,MD,20814
21010F,VA MARYLAND HEALTHCARE SYSTEM - PERRY POINT,VA MEDICAL CENTER,PERRY POINT,MD,21902
214022,UM UPPER CHESAPEAKE BEHAVIORAL HEALTH PAVILION AT,660 MCHENRY ROAD,ABERDEEN,MD,21001
22001F,BEDFORD VA MEDICAL CENTER,200 SPRINGS ROAD,BEDFORD,MA,01730
220090,MILFORD REGIONAL MEDICAL CENTER,14 PROSPECT STREET,MILFORD,MA,01757
220098,NASHOBA VALLEY MEDICAL CENTER,200 GROTON ROAD,AYER,MA,01432
220171,"LAHEY HOSPITAL & MEDICAL CENTER, BURLINGTON",41 & 45 MALL ROAD,BURLINGTON,MA,01803
224044,WESTBOROUGH BEHAVIORAL HEALTHCARE HOSPITAL LLC,300 FRIBERG PARKWAY,WESTBOROUGH,MA,01581
224045,HOSPITAL FOR BEHAVIORAL MEDICINE,100 CENTURY DRIVE,WORCESTER,MA,01606
230002,ST JOE MERCY HOSPITAL SYSTEM LIVONIA,36475 FIVE MILE ROAD,LIVONIA,MI,48154
230031,LAKE HURON MEDICAL CENTER,2601 ELECTRIC AVENUE,PORT HURON,MI,48060
230047,HENRY FORD MACOMB HOSPITAL,15855 NINETEEN MILE RD,CLINTON TOWNSHIP,MI,48038
230095,MYMICHIGAN MEDICAL CENTER WEST BRANCH,2463 SOUTH M-30,WEST BRANCH,MI,48661
230110,COREWELL HEALTH LUDINGTON HOSPITAL,ONE N ATKINSON DRIVE,LUDINGTON,MI,49431
230197,ASCENSION GENESYS HOSPITAL,ONE GENESYS PARKWAY,GRAND BLANC,MI,48439
230222,MYMICHIGAN MEDICAL CENTER MIDLAND,4000 WELLNESS DRIVE,MIDLAND,MI,48670
230227,MCLAREN MACOMB,1000 HARRINGTON ST,MOUNT CLEMENS,MI,48043
230244,GARDEN CITY HOSPITAL,6245 INKSTER RD,GARDEN CITY,MI,48135
231322,CHARLEVOIX AREA HOSPITAL,14700 LAKESHORE DRIVE,CHARLEVOIX,MI,49720
240001,NORTH MEMORIAL HEALTH HOSPITAL,3300 OAKDALE NORTH,ROBBINSDALE,MN,55422
240018,MAYO CLINIC HEALTH SYSTEM IN RED WING,701 HEWITT BOULEVARD,RED WING,MN,55066
24002F,ST CLOUD VA MEDICAL CENTER,4801 VETERANS DRIVE,ST. CLOUD,MN,56303
240069,OWATONNA HOSPITAL,2250 26TH STREET NORTHWEST,OWATONNA,MN,55060
240166,MAYO CLINIC HEALTH SYSTEM - FAIRMONT,800 MEDICAL CENTER DRIVE,FAIRMONT,MN,56031
240187,HUTCHINSON HEALTH,1095 HIGHWAY 15 SOUTH,HUTCHINSON,MN,55350
240206,RED LAKE HOSPITAL,24760 HOSPITAL DRIVE,REDLAKE,MN,56671
241301,LAKEWOOD HEALTH CENTER,600 MAIN AVE S,BAUDETTE,MN,56623
241306,OLIVIA HOSPITAL & CLINIC,100 HEALTHY WAY,OLIVIA,MN,56277
241322,RAINY LAKE MEDICAL CENTER,1400 HIGHWAY 71,INTERNATIONAL FALLS,MN,56649
241332,WINDOM AREA HEALTH,"2150 HOSPITAL DRIVE, PO BOX 339",WINDOM,MN,56101
241333,MAYO CLINIC HEALTH SYSTEM ST. JAMES,1101 MOULTON AND PARSONS DRIVE,ST JAMES,MN,56081
241342,ORTONVILLE AREA HEALTH SERVICES,450 EASTVOLD AVE,ORTONVILLE,MN,56278
241350,ESSENTIA HEALTH MOOSE LAKE,4572 COUNTY ROAD 61,MOOSE LAKE,MN,55767
241371,SANFORD LUVERNE MEDICAL CENTER,1600 N KNISS AVENUE P O BOX 1019,LUVERNE,MN,56156
241377,ST FRANCIS MEDICAL CENTER,2400 ST FRANCIS DRIVE,BRECKENRIDGE,MN,56520
241379,PRAIRIE RIDGE HOSPITAL AND HEALTH SERVICES,1411 HIGHWAY 79 E,ELBOW LAKE,MN,56531
241381,SANFORD THIEF RIVER FALLS MEDICAL CENTER,3001 SANFORD PARKWAY,THIEF RIVER FALLS,MN,56701
250006,BAPTIST MEMORIAL HOSPITAL UNION COUNTY,200 HWY 30 WEST,NEW ALBANY,MS,38652
250009,MAGNOLIA REGIONAL HEALTH CENTER,611 ALCORN DRIVE,CORINTH,MS,38834
250043,NESHOBA COUNTY GENERAL HOSPITAL,1001 HOLLAND AVENUE,PHILADELPHIA,MS,39350
250048,ST DOMINIC-JACKSON MEMORIAL HOSPITAL,969 LAKELAND DR,JACKSON,MS,39216
250067,CLAY COUNTY MEDICAL CORPORATION,150 MEDICAL CENTER DRIVE,WEST POINT,MS,39773
250127,CHOCTAW HEALTH CENTER,ROUTE 7 BOX R50,PHILADELPHIA,MS,39350
250151,ALLIANCE HEALTH CENTER,5000 HIGHWAY 39 NORTH,MERIDIAN,MS,39301
250167,METHODIST HEALTHCARE - OLIVE BRANCH HOSPITAL,4250 BETHEL ROAD,OLIVE BRANCH,MS,38654
250168,UNIVERSITY OF MISSISSIPPI MEDICAL CENTER- GRENADA,960 AVENT DRIVE,GRENADA,MS,38901
25043F,G. V. (SONNY) MONTGOMERY VA MEDICAL CENTER (JACKSON),1500 E. WOODROW WILSON DRIVE,JACKSON,MS,39216
250780,JEFFERSON COUNTY HOSPITAL,870 S MAIN,FAYETTE,MS,39069
251309,FIELD HEALTH SYSTEM,178 HIGHWAY 24,CENTREVILLE,MS,39631
251315,BAPTIST MEDICAL CENTER-LEAKE,1100 HIGHWAY 16 EAST,CARTHAGE,MS,39051
251316,OCHSNER WATKINS HOSPITAL,605 SOUTH ARCHUSA AVENUE,QUITMAN,MS,39355
251327,COPIAH COUNTY MEDICAL CENTER,21790 HIGHWAY 28,HAZLEHURST,MS,39083
251330,FRANKLIN COUNTY MEMORIAL HOSPITAL,HWY 84 BOX 636,MEADVILLE,MS,39653
251335,OCHSNER STENNIS MEMORIAL HOSPITAL,14365 HIGHWAY 16 WEST,DE KALB,MS,39328
251340,NESHOBA COUNTY GENERAL HOSPITAL,1001 HOLLAND AVENUE,PHILADELPHIA,MS,39350
254007,BRENTWOOD BEHAVIORAL HEALTHCARE OF MS,3531 EAST LAKELAND DRIVE,FLOWOOD,MS,39232
254013,OCEANS BEHAVIORAL HOSPITAL OF TUPELO,4579 S EASON BLVD,TUPELO,MS,38801
254014,OCEANS BEHAVIORAL HOSPITAL OF JACKSON,"2969 NORTH CURRAN DRIVE, BLDG A",JACKSON,MS,39216
260001,MERCY HOSPITAL JOPLIN,100 MERCY WAY,JOPLIN,MO,64804
260011,SSM HEALTH ST. MARY'S HOSPITAL - JEFFERSON CITY,2505 MISSION DRIVE,JEFFERSON CITY,MO,65109
260020,MERCY HOSPITAL ST LOUIS,615 NEW BALLAS ROAD,SAINT LOUIS,MO,63141
260023,MERCY HOSPITAL JEFFERSON,1400 US HIGHWAY 61,CRYSTAL CITY,MO,63019
260025,HANNIBAL REGIONAL HOSPITAL,6000 HOSPITAL DR,HANNIBAL,MO,63401
26002F,General Leonard Wood ACH (FT Leonard Wood),4430 Missouri Ave,Fort Leonard Wood,MO,65473
260032,BARNES JEWISH HOSPITAL,ONE BARNES-JEWISH HOSPITAL PLAZA,SAINT LOUIS,MO,63110
260057,CAMERON REGIONAL MEDICAL CENTER,1600 E EVERGREEN,CAMERON,MO,64429
260094,COX MEDICAL CENTER BRANSON,"525 BRANSON LANDING BLVD, PO BOX 650",BRANSON,MO,65615
260141,UNIVERSITY OF MISSOURI HEALTH CARE,ONE HOSPITAL DRIVE,COLUMBIA,MO,65212
260216,SAINT LUKE'S EAST  HOSPITAL,100 N E SAINT LUKE'S BOULEVARD,LEES SUMMIT,MO,64086
260779,PARKLAND HEALTH CENTER - BONNE TERRE,7245 RAIDER ROAD,BONNE TERRE,MO,63628
261301,ELLETT MEMORIAL HOSPITAL,610 N OHIO STREET,APPLETON CITY,MO,64724
261303,COMMUNITY HOSPITAL ASSOCIATION,"26136 US HIGHWAY 59, PO BOX 107",FAIRFAX,MO,64446
261318,SALEM MEMORIAL DISTRICT HOSPITAL,PO BOX 774,SALEM,MO,65560
261320,LAFAYETTE REGIONAL HEALTH CENTER,1500 STATE STREET,LEXINGTON,MO,64067
261330,STE GENEVIEVE COUNTY MEMORIAL HOSPITAL,HWYS 61 & 32,SAINTE GENEVIEVE,MO,63670
261336,IRON COUNTY MEDICAL CENTER,301 NORTH HIGHWAY 21,PILOT KNOB,MO,63663
261338,MERCY HOSPITAL CARTHAGE,3125 DR RUSSELL SMITH WAY,CARTHAGE,MO,64836
264035,MARYLAND HEIGHTS CENTER FOR BEHAVIORAL HEALTH,11100 AYSHIRE DR,MARYLAND HEIGHTS,MO,63043
27003F,VA MONTANA HEALTHCARE SYSTEM,3687 VETERANS DRIVE,FORT HARRISON,MT,59636
270074,P H S INDIAN HOSPITAL AT BROWNING - BLACKFEET,"760 HOSPITAL CIRCLE, POST OFFICE BOX 760",BROWNING,MT,59417
271301,FALLON MEDICAL COMPLEX HOSPITAL,202 S 4TH ST W,BAKER,MT,59313
271303,GRANITE COUNTY MEDICAL CENTER,310 SANSOME ST,PHILIPSBURG,MT,59858
271314,DEER LODGE MEDICAL CENTER,1100 HOLLENBACK LN,DEER LODGE,MT,59722
271320,CABINET PEAKS MEDICAL CENTER,209 HEALTH PARK DR,LIBBY,MT,59923
271339,P H S INDIAN HOSPITAL CROW / NORTHERN CHEYENNE,"1010 SOUTH 7650 EAST, POST OFFICE BOX 9",CROW AGENCY,MT,59022
271342,DANIELS MEMORIAL HOSPITAL,105 5TH AVE E,SCOBEY,MT,59263
271389,BOZEMAN HEALTH BIG SKY MEDICAL CENTER,334 TOWN CENTER AVE,BIG SKY,MT,59716
274004,SHODAIR CHILDREN'S HOSPITAL,2755 COLONIAL DR,HELENA,MT,59601
280013,THE NEBRASKA MEDICAL CENTER,988102 Nebrasks Medical Center,OMAHA,NE,68198
280059,TWELVE CLANS UNITY HOSPITAL,225 S BLUFF STREET,WINNEBAGO,NE,68071
280081,CHI HEALTH IMMANUEL,6901 NORTH 72ND ST,OMAHA,NE,68122
280132,BELLEVUE MEDICAL CENTER,2500 BELLEVUE MEDICAL CENTER DR,BELLEVUE,NE,68123
280133,"NEBRASKA SPINE HOSPITAL, LLC","6901 NORTH 72ND ST, STE 20300",OMAHA,NE,68122
281303,NIOBRARA VALLEY HOSPITAL,"P O BOX 118, 401 SOUTH 5TH STREET",LYNCH,NE,68746
281307,SAUNDERS MEDICAL CENTER,1760 COUNTY RD J,WAHOO,NE,68066
281309,SYRACUSE AREA HEALTH,2731 HEALTHCARE DR,SYRACUSE,NE,68446
281310,GARDEN COUNTY HEALTH SERVICES,1100 WEST 2ND ST,OSHKOSH,NE,69154
281324,NEMAHA COUNTY HOSPITAL,2022 13TH STREET,AUBURN,NE,68305
281336,YORK GENERAL HEALTH CARE SERVICES,2222 LINCOLN AVE,YORK,NE,68467
281342,CHI HEALTH ST MARY'S,1301 GRUNDMAN BLVD,NEBRASKA CITY,NE,68410
281347,OSMOND GENERAL HOSPITAL,402 NORTH MAPLE ST,OSMOND,NE,68765
281348,TRI VALLEY HEALTH SYSTEM,1305 WEST HIGHWAY 6/34,CAMBRIDGE,NE,69022
281349,PENDER COMMUNITY HOSPITAL,"100 HOSPITAL DRIVE, PO BOX 100",PENDER,NE,68047
281352,"COMMUNITY MEDICAL CENTER, INC","P O BOX 399, 3307 BILL SCHOCK BOULEVARD",FALLS CITY,NE,68355
281357,SIDNEY REGIONAL MEDICAL CENTER,1000 POLE CREEK CROSSING,SIDNEY,NE,69162
290041,SUMMERLIN HOSPITAL MEDICAL CENTER,657 TOWN CENTER DRIVE,LAS VEGAS,NV,89144
300003,MARY HITCHCOCK MEMORIAL HOSPITAL,1 MEDICAL CENTER DRIVE,LEBANON,NH,03756
300014,FRISBIE MEMORIAL HOSPITAL,11 WHITEHALL ROAD,ROCHESTER,NH,03867
300034,CATHOLIC MEDICAL CENTER,100 MCGREGOR STREET,MANCHESTER,NH,03102
304000,NEW HAMPSHIRE HOSPITAL,36 CLINTON STREET,CONCORD,NH,03301
310012,VALLEY HOSPITAL,4 VALLEY HEALTH PLAZA,PARAMUS,NJ,07652
310015,MORRISTOWN MEDICAL CENTER,100 MADISON AVE,MORRISTOWN,NJ,07962
310017,CHILTON MEDICAL CENTER,97 WEST PARKWAY,POMPTON PLAINS,NJ,07444
310029,VIRTUA OUR LADY OF LOURDES HOSPITAL,1600 HADDON AVENUE,CAMDEN,NJ,08103
310038,ROBERT WOOD JOHNSON UNIVERSITY HOSPITAL,ONE ROBERT WOOD JOHNSON PLACE,NEW BRUNSWICK,NJ,08901
310044,CAPITAL HEALTH MEDICAL CENTER - HOPEWELL,ONE CAPITAL WAY,PENNINGTON,NJ,08534
310045,ENGLEWOOD HOSPITAL AND MEDICAL CENTER,350 ENGLE ST,ENGLEWOOD,NJ,07631
310047,SHORE MEDICAL CENTER,100 MEDICAL CENTER WAY,SOMERS POINT,NJ,08244
310054,HACKENSACK MERIDIAN MOUNTAINSIDE MEDICAL,1 BAY AVENUE,MONTCLAIR,NJ,07042
310058,BERGEN NEW BRIDGE MEDICAL CENTER,230 EAST RIDGEWOOD AVE,PARAMUS,NJ,07652
310083,CAREWELL HEALTH MEDICAL CENTER,300 CENTRAL AVE,EAST ORANGE,NJ,07018
313300,CHILDREN'S SPECIALIZED HOSPITAL,200 SOMERSET ST,NEW BRUNSWICK,NJ,08901
314005,ANCORA PSYCH HOSP,ANCORA BRANCH,HAMMONTON,NJ,08037
314013,TRENTON PSYCHIATRIC HOSP,STATION A,TRENTON,NJ,08625
314020,ESSEX COUNTY HOSPITAL CENTER,204 GROVE AVENUE,CEDAR GROVE,NJ,07009
314023,ASPEN HILLS HEALTHCARE CENTER,600 PEMBERTON-BROWNS MILLS ROAD,PEMBERTON,NJ,08068
320002,CHRISTUS ST VINCENT REGIONAL MEDICAL CENTER,455 ST MICHAEL'S DRIVE,SANTA FE,NM,87505
320057,SANTA FE PHS INDIAN HOSPITAL,1700 CERRILLOS ROAD,SANTA FE,NM,87501
320059,NORTHERN NAVAJO MEDICAL CENTER,US HWY 491 NORTH,SHIPROCK,NM,87420
320060,ZUNI COMPREHENSIVE COMMUNITY HEALTH CENTER,ROUTE 301 NORTH B STREET,ZUNI,NM,87327
320062,CROWNPOINT HEALTHCARE FACILITY,JUNCTION OF HWY 371,CROWNPOINT,NM,87313
321310,HOLY CROSS HOSPITAL A DIV OF TAOS HEALTH SYSTEMS,1397 WEIMER ROAD,TAOS,NM,87571
321312,ALTA VISTA REGIONAL HOSPITAL,104 LEGION DRIVE,LAS VEGAS,NM,87701
330107,PECONIC BAY MEDICAL CENTER,1 HEROS WAY,RIVERHEAD,NY,11901
33011F,BATH VA MEDICAL CENTER,76 VETERANS AVE.,BATH,NY,14810
330128,ELMHURST HOSPITAL CENTER,79-01 BROADWAY,ELMHURST,NY,11373
330185,JOHN T MATHER MEMORIAL HOSPITAL  OF PORT JEFFERSON,75 NORTH COUNTRY ROAD,PORT JEFFERSON,NY,11777
330188,MOUNT ST. MARY'S HOSPITAL & HEALTH CENTER,5300 MILITARY ROAD,LEWISTON,NY,14092
330193,FLUSHING HOSPITAL MEDICAL CENTER,45TH AVENUE AND PARSONS BOULEVARD,FLUSHING,NY,11355
330194,MAIMONIDES MEDICAL CENTER,4802 TENTH AVENUE,BROOKLYN,NY,11219
330198,MOUNT SINAI SOUTH NASSAU,ONE HEALTHY WAY,OCEANSIDE,NY,11572
33019F,NORTHPORT VA MEDICAL CENTER,79 MIDDLEVILLE ROAD,NORTHPORT,NY,11768
330238,NICHOLAS H NOYES MEMORIAL HOSPITAL,111  CLARA BARTON STREET,DANSVILLE,NY,14437
330259,MERCY MEDICAL CENTER,1000 NORTH VILLAGE AVENUE,ROCKVILLE CENTRE,NY,11571
330277,CORNING HOSPITAL,1 GUTHRIE DRIVE,CORNING,NY,14830
330304,WHITE PLAINS HOSPITAL CENTER,DAVIS AVE AT E POST ROAD,WHITE PLAINS,NY,10601
330386,GARNET HEALTH  MEDICAL CENTER CATSKILLS,"68 HARRIS BUSHVILLE ROAD, P O BOX 800",HARRIS,NY,12742
330393,SUNY/STONY BROOK UNIVERSITY HOSPITAL,HEALTH SCIENCES CENTER SUNY,STONY BROOK,NY,11794
331303,GARNET HEALTH MEDICAL CENTER CATSKILLS,8081 STATE ROUTE 97,CALLICOON,NY,12723
333301,BLYTHEDALE CHILDREN'S HOSPITAL,95 BRADHURST AVENUE,VALHALLA,NY,10595
334002,FOUR WINDS,800 CROSS RIVER RD,KATONAH,NY,10536
334045,ELMIRA PSYCH CENTER,WASHINGTON ST,ELMIRA,NY,14901
334060,KIRBY FORENSIC PSYCHIATRIC CENTER,WARD ISLAND,NEW YORK,NY,10035
334061,MID HUDSON FORENSIC PSYCHIATRIC CTR,BOX 158 ROUTE 17M,NEW HAMPTON,NY,10958
334065,WESTERN NY CHILDRENS PSYCHIATRIC CENTER,1010 EAST & WEST ROAD,WEST SENECA,NY,14224
340047,NORTH CAROLINA BAPTIST HOSPITAL,MEDICAL CENTER BOULEVARD,WINSTON-SALEM,NC,27157
340071,BETSY JOHNSON REGIONAL HOSPITAL,800 TILGHMAN DR,DUNN,NC,28334
340090,JOHNSTON HEALTH,509 BRIGHT LEAF BLVD,SMITHFIELD,NC,27577
340109,SENTARA ALBEMARLE MEDICAL CENTER,3050 HALSTEAD BLVD EXT,ELIZABETH CITY,NC,27909
34011F,NMC Camp Lejeune,100 Brewster Blvd,Camp Lejeune,NC,28547
340129,DUKE HEALTH LAKE NORMAN HOSPITAL,171 FAIRVIEW ROAD,MOORESVILLE,NC,28117
340132,MARIA PARHAM MEDICAL CENTER,PO BOX 59,HENDERSON,NC,27536
34014F,Womack AMC (FT Bragg),2817 Reilly Rd,Fort Bragg,NC,28310
340151,ECU HEALTH NORTH HOSPITAL,250 SMITH CHURCH ROAD,ROANOKE RAPIDS,NC,27870
340156,CHEROKEE INDIAN HOSPITAL AUTHORITY,CALLER BOX C268,CHEROKEE,NC,28719
340183,NOVANT HEALTH HUNTERSVILLE MEDICAL CENTER,10030 GILEAD ROAD,HUNTERSVILLE,NC,28078
340188,CAPE FEAR VALLEY HOKE HOSPITAL,210 MEDICAL PAVILION DRIVE,RAEFORD,NC,28376
341317,LIFEBRITE COMMUNITY HOSPITAL OF STOKES,1570 NC 8 & 89 HWY NORTH,DANBURY,NC,27016
341319,"TRANSYLVANIA REGIONAL HOSPITAL, INC",90 HOSPITAL DRIVE PO BOX 1116,BREVARD,NC,28712
341323,CHARLES A CANNON JR MEMORIAL HOSPITAL,434 HOSPITAL DRIVE,LINVILLE,NC,28646
341326,ANGEL MEDICAL CENTER,124 CENTER COURT PO BOX 1209,FRANKLIN,NC,28734
344004,CENTRAL REGIONAL HOSPITAL,300 VEAZY RD,BUTNER,NC,27509
344032,TRIANGLE SPRINGS,10901 WORLD TRADE BLVD,RALEIGH,NC,27617
344034,APPALACHIAN REGIONAL BEHAVIORAL HEALTHCARE,432 HOSPITAL DR,LINVILLE,NC,28646
344035,RALEIGH OAKS BEHAVIORAL HEALTH,3200 WATERFIELD DRIVE,GARNER,NC,27529
350063,P H S INDIAN HOSP AT BELCOURT-QUENTIN N BURDICK,PO BOX 160,BELCOURT,ND,58316
351305,TRINITY KENMARE COMMUNITY HOSPITAL,PO BOX 697,KENMARE,ND,58746
351306,COOPERSTOWN MEDICAL CENTER,1200 ROBERTS AVE NE,COOPERSTOWN,ND,58425
351312,NORTHWOOD DEACONESS HEALTH CENTER,PO BOX 190,NORTHWOOD,ND,58267
351318,CARRINGTON HEALTH CENTER,PO BOX 461,CARRINGTON,ND,58421
351319,PEMBINA COUNTY MEMORIAL HOSPITAL,BOX 380,CAVALIER,ND,58220
351335,JAMESTOWN REGIONAL MEDICAL CENTER,2422 20TH ST SW,JAMESTOWN,ND,58401
351364,STANDING ROCK SERVICE UNIT,10 NORTH RIVER ROAD,"FORT YATES,",ND,58538
360020,SUMMA HEALTH SYSTEM,525 EAST MARKET STREET,AKRON,OH,44309
360027,AKRON GENERAL MEDICAL CENTER,1 AKRON GENERAL AVENUE,AKRON,OH,44307
36003F,CINCINNATI VA MEDICAL CENTER,3200 VINE STREET,CINCINNATI,OH,45220
360086,SPRINGFIELD REGIONAL MEDICAL CENTER,100 MEDICAL CENTER DRIVE,SPRINGFIELD,OH,45504
360148,POMERENE HOSPITAL,981 WOOSTER ROAD,MILLERSBURG,OH,44654
360174,UPPER VALLEY MEDICAL CENTER,3130 N DIXIE HIGHWAY,TROY,OH,45373
360185,SALEM REGIONAL MEDICAL CENTER,1995 EAST STATE STREET,SALEM,OH,44460
360236,MERCY HEALTH - CLERMONT HOSPITAL,3000 HOSPITAL DRIVE,BATAVIA,OH,45103
360239,KETTERING HEALTH MIAMISBURG,4000 MIAMISBURG-CENTERVILLE ROAD,MIAMISBURG,OH,45342
360364,CLEVELAND CLINIC AVON HOSPITAL,33300 CLEVELAND CLINIC BLVD,AVON,OH,44011
360375,MOUNT CARMEL DUBLIN,4105 EMERALD PKWY,DUBLIN,OH,43016
361310,MERCY HEALTH - WILLARD HOSPITAL,1100 NEAL ZICK ROAD,WILLARD,OH,44890
361330,HOCKING VALLEY COMMUNITY HOSPITAL,601 STATE ROUTE 664N,LOGAN,OH,43138
363303,AKRON CHILDREN'S HOSPITAL,1 PERKINS SQUARE,AKRON,OH,44308
364031,HEARTLAND BEHAVIORAL HEALTHCARE,3000 ERIE SW,MASSILLON,OH,44648
364048,HAVEN BEHAVIORAL HOSPITAL OF DAYTON,"ONE ELIZABETH PLACE, SUITE 10B",DAYTON,OH,45417
364054,GENERATIONS BEHAVIORAL HEALTH - GENEVA,60 WEST STREET,GENEVA,OH,44041
364059,ASSURANCE HEALTH HUDSON LLC,6260 HUDSON CROSSING PKWY,HUDSON,OH,44236
370008,NORMAN REGIONAL,3300 HEALTHPLEX PKWY,NORMAN,OK,73072
370014,ALLIANCEHEALTH DURANT,1800 UNIVERSITY BOULEVARD,DURANT,OK,74702
370022,JACKSON COUNTY MEMORIAL HOSPITAL AUTHORITY,1200 EAST PECAN ST,ALTUS,OK,73521
370023,"DUNCAN REGIONAL HOSPITAL, INC",1407 WHISENANT DRIVE,DUNCAN,OK,73533
370028,"INTEGRIS BAPTIST MEDICAL CENTER, INC",3300 NORTHWEST EXPRESSWAY,OKLAHOMA CITY,OK,73112
370034,MCALESTER REGIONAL HEALTH CENTER,ONE CLARK BASS BOULEVARD,MCALESTER,OK,74501
370097,SOUTHWESTERN MEDICAL CENTER,5602 SOUTHWEST LEE BOULEVARD,LAWTON,OK,73505
370113,INTEGRIS GROVE HOSPITAL,1001 EAST 18TH STREET,GROVE,OK,74344
370172,CHOCTAW NATION HEALTH SERVICES AUTHORITY,1 CHOCTAW WAY,TALIHINA,OK,74571
370180,CHICKASAW NATION MEDICAL CENTER,1921 STONECIPHER BLVD,ADA,OK,74820
370234,"OKLAHOMA HEART HOSPITAL SOUTH, LLC",5200 EAST I-240 SERVICE ROAD,OKLAHOMA CITY,OK,73135
370236,INTEGRIS HEALTH EDMOND HOSPITAL,4801 INTEGRIS PARKWAY,EDMOND,OK,73034
371303,ROGER MILLS MEMORIAL HOSPITAL,501 SOUTH L L MALES AVENUE,CHEYENNE,OK,73628
371307,CIMARRON MEMORIAL HOSPITAL,100 SOUTH ELLIS,BOISE CITY,OK,73933
371311,JEFFERSON COUNTY HOSPITAL,INTERSECTION HYWS 81 & 70,WAURIKA,OK,73573
371313,"MERCY HOSPITAL KINGFISHER, INC",1000 HOSPITAL DRIVE,KINGFISHER,OK,73750
371322,BEAVER COUNTY MEMORIAL HOSPITAL,212 EAST 8TH STREET,BEAVER,OK,73932
371323,"WEATHERFORD REGIONAL HOSPITAL, INC OF WEATHERFORD",3701 E MAIN,WEATHERFORD,OK,73096
371326,ALLIANCEHEALTH MADILL,901 S 5TH AVE,MADILL,OK,73446
371331,DRUMRIGHT REGIONAL HOSPITAL,610 WEST BYPASS,DRUMRIGHT,OK,74030
374001,NORTHWEST CENTER FOR BEHAVIORAL HEALTH (NCBH),1 MILE EAST US HIGHWAY 270,FORT SUPPLY,OK,73841
374006,CARL ALBERT COMMUNITY MENTAL HEALTH CENTER,1101 EAST MONROE,MCALESTER,OK,74501
374025,"OAKWOOD SPRINGS, LLC",13101 MEMORIAL SPRINGS COURT,OKLAHOMA CITY,OK,73114
374027,BEHAVIORAL HEALTH CENTER AT PORTER HEALTH VILLAGE,506 WELLNESS WAY,NORMAN,OK,73071
380038,PROVIDENCE WILLAMETTE FALLS MEDICAL CENTER,1500 DIVISION STREET,OREGON CITY,OR,97045
380071,WILLAMETTE VALLEY MEDICAL CENTER,2700 SE STRATUS AVE.,MCMINNVILLE,OR,97128
380089,LEGACY MERIDIAN PARK MEDICAL CENTER,19300 SW 65TH AVENUE,TUALATIN,OR,97062
381319,ST ANTHONY HOSPITAL,2801 ST ANTHONY WAY,PENDLETON,OR,97801
390028,UPMC MERCY,1400 LOCUST STREET,PITTSBURGH,PA,15219
390035,ST LUKE'S HOSPITAL - UPPER BUCKS CAMPUS,3000 ST. LUKE'S DRIVE,QUAKERTOWN,PA,18951
390041,UNIONTOWN HOSPITAL,500 WEST BERKELEY STREET,UNIONTOWN,PA,15401
390048,GEISINGER-LEWISTOWN HOSPITAL,400 HIGHLAND AVENUE,LEWISTOWN,PA,17044
390067,UPMC PINNACLE HOSPITALS,409 SOUTH SECOND STREET,HARRISBURG,PA,17104
390079,ROBERT PACKER HOSPITAL,ONE GUTHRIE SQUARE,SAYRE,PA,18840
390093,INDEPENDENCE HEALTH SYSTEM CLARION HOSPITAL,ONE HOSPITAL DRIVE,CLARION,PA,16214
390101,UPMC MEMORIAL,1701 INNOVATION DRIVE,YORK,PA,17408
390112,CHAN SOON- SHIONG MEDICAL CENTER AT WINDBER,600 SOMERSET AVENUE,WINDBER,PA,15963
390115,JEFFERSON HEALTH- NORTHEAST,10800 KNIGHTS ROAD,PHILADELPHIA,PA,19114
390117,UPMC BEDFORD MEMORIAL,10455 LINCOLN HIGHWAY,EVERETT,PA,15537
39012F,VA PITTSBURGH HEALTHCARE SYSTEM - UNIV DR,UNIVERSITY DRIVE,PITTSBURGH,PA,15240
390142,JEFFERSON EINSTEIN PHILADELPHIA HOSPITAL,5501 OLD YORK ROAD,PHILADELPHIA,PA,19141
390168,INDEPENDENCE HEALTH SYSTEM BUTLER MEMORIAL HOSPITA,ONE HOSPITAL WAY,BUTLER,PA,16001
390183,ST LUKE'S MINERS MEMORIAL HOSPITAL,360 W RUDDLE STREET,COALDALE,PA,18218
390219,EXCELA HEALTH LATROBE HOSPITAL,ONE MELLON WAY,LATROBE,PA,15650
390256,MILTON S HERSHEY MEDICAL CENTER,500 UNIVERSITY DRIVE,HERSHEY,PA,17033
390258,ST MARY MEDICAL CENTER,LANGHORNE-NEWTOWN RD,LANGHORNE,PA,19047
390266,GROVE CITY MEDICAL CENTER,631 NORTH BROAD STREET EXT.,GROVE CITY,PA,16127
390268,MOUNT NITTANY MEDICAL CENTER,155 WELLNESS WAY,STATE COLLEGE,PA,16803
390278,EAGLEVILLE HOSPITAL,100 EAGLEVILLE RD,EAGLEVILLE,PA,19403
390332,GEISINGER ST. LUKE'S  HOSPITAL,100 PARAMOUNT BOULEVARD,ORWIGSBURG,PA,17961
390335,ST LUKE'S HOSPITAL - CARBON CAMPUS,500 ST LUKE'S DRIVE,LEHIGHTON,PA,18235
391306,ENDLESS MOUNTAINS HEALTH SYSTEMS,100 HOSPITAL DRIVE,MONTROSE,PA,18801
391317,CONEMAUGH MINERS MEDICAL CENTER,290 HAIDA AVENUE,HASTINGS,PA,16646
391318,UPMC KANE,4372 ROUTE 6,KANE,PA,16735
393302,UPMC CHILDREN'S HOSPITAL OF PITTSBURGH,ONE CHILDREN'S HOSPITAL DRIVE,PITTSBURGH,PA,15224
394014,WERNERSVILLE STATE HOSPITAL,160 MAIN STREET,WERNERSVILLE,PA,19565
394020,PHILHAVEN HOSPITAL,283 SOUTH BUTLER ROAD,MT GRETNA,PA,17064
394034,HORSHAM CLINIC,722 EAST BUTLER PIKE,AMBLER,PA,19002
394040,MEADOWS PSYCHIATRIC CENTER,132 MEADOWS DRIVE,CENTRE HALL,PA,16828
394056,TOWER BEHAVIORAL HEALTH,201 WELLNESS WAY,READING,PA,19605
394063,GEISINGER BEHAVIORAL HEALTH CENTER DANVILLE,206 MARIA HALL DRIVE,DANVILLE,PA,17821
400003,HOSPITAL METROPOLITANO DR PILA,2435  BOULEVARD LUIS A FERRE,PONCE,PR,00717
400004,"ASOCIACION HOSPITAL DEL MAESTRO, INC",SERGIO CUEVAS BUSTAMANTE STREET 550,SAN JUAN,PR,00918
400006,DOCTORS' CENTER HOSPITAL SAN JUAN,PDA. 20 C/ SAN RAFAEL # 1395,SANTURCE,PR,00909
400010,HOSPITAL GENERAL DE CASTANER,CARR 135 KM 64 2,CASTANER,PR,00631
400012,HOSPITAL ONCOLOGICO DR ISAAC GONZALEZ MARTINEZ,BO. MONACILLOS 150 AVE AMERICO MIRANDA,SAN JUAN,PR,00936
400013,HOSPITAL MENONITA DE CAYEY,BO. RINCON SECTOR LAS LOMAS  KM.3.1 CARR 14,CAYEY,PR,00737
400014,BELLA VISTA HOSPITAL,CARR 349 KM 2 7 CERRO LAS MESAS,MAYAGUEZ,PR,00681
400015,SAN JUAN MUNICIPALITY HOSPITAL,"BO MONACILLOS,CENTRO MEDICO",RIO PIEDRAS,PR,00926
400016,AUXILIO MUTUO HOSPITAL,PONCE DE LEON AVENUE  735 STOP 37 1/2,SAN JUAN,PR,00918
400018,HOSPITAL MENONITA DE AIBONITO,CALLE JOSE C VASQUEZ BO. CAONILLAS,AIBONITO,PR,00705
400019,HOSPITAL PAVIA SANTURCE,STREET PROFESOR AUGUSTO RODRIGUEZ #1462,SAN JUAN,PR,00910
400021,HOSPITAL DE LA CONCEPCION,ROAD NUMBER 2 KM 173.4 CAIN ALTO,SAN GERMAN,PR,00683
400022,HOSPITAL DAMAS INC,PONCE BY PASS #2213,PONCE,PR,00717
400032,BAYAMON MEDICAL CENTER,CARRETERA #2 KM 11 7,BAYAMON,PR,00960
40003F,SAN JUAN VA MEDICAL CENTER,10 CALLE CASIA,SAN JUAN,PR,00921
400044,HOSPITAL EPISCOPAL SAN LUCAS II,917 AVE TITO CASTRO,PONCE,PR,00716
400048,HOSPITAL MENONITA GUAYAMA,AVE. PEDRO ALBIZU CAMPOS URB. LA HACIENDA,GUAYAMA,PR,00785
400061,HOSPITAL UNIVERSITARIO DE ADULTO,BARRIO MONACILLOS CENTROMEDICO,RIO PIEDRAS,PR,00927
400079,HOSPITAL  COMUNITARIO BUEN SAMARITANO INC,CARR EST PR 460 KM 0 2 BO CAIMITAL BAJO,AGUADILLA,PR,00603
400098,HOSPITAL SAN FRANCISCO,371 DE DIEGO AVE,SAN JUAN,PR,00923
400102,DOCTORS' CENTER BAYAMON,CALLE  J 9 EXTENSION  HERMANAS DAVILA,BAYAMON,PR,00960
400103,MAYAGUEZ MEDICAL CENTER DR RAMON EMETERIO BETANCES,CARR 2 BO SABALOS,MAYAGUEZ,PR,00682
400104,HOSPITAL MENONITA CAGUAS INC,CARR 172  EXIT 21 URB TURABO GARDENS,CAGUAS,PR,00726
400105,HOSPITAL UNIVERSITARIO DR RUIZ ARNAU,LAUREL AVE SANTA JUANITA #100,BAYAMON,PR,00956
400106,METROPOLITAN HOSPITAL,CARRETERA 21 1785 URB LAS LOMAS,SAN JUAN,PR,00915
400109,HOSPITAL ESPANOL AUXILIO MUTUO SAN PABLO,CALLE SANTA CRUZ NUM 70 URB SANTA CRUZ,BAYAMON,PR,00961
400110,HOSPITAL PAVIA YAUCO,ROAD 128 KM 1.0,YAUCO,PR,00698
400111,HOSPITAL SAN CARLOS BORROMEO,CALLE CONCEPCION VERA AYALA #550 S,MOCA,PR,00676
400112,"HOSPITAL UPR, DR  FEDERICO TRILLA",CARR 3 KM 8  3 AVE 65TH INFANTERIA       BOX 6021,CAROLINA,PR,00984
400113,HOSPITAL MENONITA PONCE,CARR PR 506 KM 1 0 BO COTO LAUREL,PONCE,PR,00780
400114,MANATI MEDICAL CENTER DR OTERO LOPEZ,CARR 668 CALLE HERNANDEZ CARRION URB ATENAS,MANATI,PR,00674
400115,CENTRO MEDICO WILMA N VAZQUEZ,CARR. 2 KM 39.5    ROAD NUMBER 2 BO ALGARROBO,VEGA BAJA,PR,00693
400118,"DOCTORS' CENTER HOSPITAL, INC","MARGINAL CARRETERA NO 2, KM 47.7",MANATI,PR,00674
400120,HOSPITAL PAVIA CAGUAS,URB MARIOLGA 100 AVE LUIS MUNOZ MARIN,CAGUAS,PR,00725
400124,CENTRO CARDIOVASCULAR DE PUERTO RICO Y EL CARIBE,"AVENIDA AMERICO MIRANDA, ENTRADA PRINCIPAL C M",SAN JUAN,PR,00936
400127,ASEM,EDIFICIO CENTRAL JULIO A PEREZ MEDICAL CENTER,SAN JUAN,PR,00935
400130,HOSPITAL METROPOLITANO DE LA MONTANA,CALLE ISAAC GONZALEZ ESQUINA LEDESMA,BDA NUEVA,PR,00641
400132,DOCTORS CENTER HOSPITAL  CAROLINA LLC,EDIF JESUS T PINEIRO AVE FERNANDEZ JUNCOS BO PUEBL,CAROLINA,PR,00979
400135,HOSPITAL  CENTRO COMPRENSIVO DEL CANCER,PR21 INT PR 18   BO MONACILLOS URBANO,SAN JUAN,PR,00927
400137,DOCTORS CENTER HOSPITAL ORLANDO HEALTH DORADO,900 CARRETERA 696,DORADO,PR,00646
400138,PUERTO RICO WOMEN AND CHILDREN HOSPITAL LLC,CARR PR-2 KM11 6 INTERIOR ALEDANO HOSPITAL HERMANO,BAYAMON,PR,00959
400139,HOSPITAL EPISCOPAL  SAN LUCAS METRO,CARR 844 KM 0 5 CUPEY,SAN JUAN,PR,00928
403301,UNIVERSITY PEDIATRIC HOSPITAL,PUERTO RICO MEDICAL CENTER IN RIO PIEDRAS,SAN JUAN,PR,00935
404004,FIRST HOSPITAL PANAMERICANO,CARR ESTATAL NUM 787 KM 1 5,CIDRA,PR,00739
404005,SAN JUAN CAPESTRANO  HOSPITAL INC,CARR 877 KM 1 6 CAMINO LAS LOMAS,RIO PIEDRAS,PR,00928
404009,CENTRO DE SALUD CONDUCTUAL MENONITA-CIMA,CARR ESTATAL 14 INTERIOR SARGENTO GERARDO SANTIAGO,AIBONITO,PR,00705
410007,RHODE ISLAND HOSPITAL,593 EDDY STREET,PROVIDENCE,RI,02902
420018,PRISMA HEALTH RICHLAND HOSPITAL,5 MEDICAL PARK,COLUMBIA,SC,29203
420019,MUSC HEALTH CHESTER MEDICAL CENTER,1 MEDICAL PARK DRIVE,CHESTER,SC,29706
420055,MUSC HEALTH MARION MEDICAL CENTER,2829 E HWY 76,MULLINS,SC,29574
420073,LEXINGTON MEDICAL CENTER,2720 SUNSET BLVD,WEST COLUMBIA,SC,29169
420101,COASTAL CAROLINA HOSPITAL,1000 MEDICAL CENTER DRIVE,HARDEEVILLE,SC,29927
420102,PRISMA HEALTH  PATEWOOD HOSPITAL,175 PATEWOOD DRIVE,GREENVILLE,SC,29615
420106,PRISMA HEALTH BAPTIST PARKRIDGE,400 PALMETTO HEALTH PARKWAY,COLUMBIA,SC,29212
420110,ROPER ST FRANCIS HOSPITAL-BERKELEY INC,100 CALLEN BLVD.,SUMMERVILLE,SC,29486
421301,ABBEVILLE AREA MEDICAL CENTER,420 THOMSON CIRCLE,ABBEVILLE,SC,29620
430084,PHS INDIAN HOSPITAL AT ROSEBUD,400 SOLDIER CREEK ROAD,ROSEBUD,SD,57570
430098,PINE RIDGE IHS HOSPITAL,EAST HIGHWAY 18,PINE RIDGE,SD,57770
431307,SANFORD CLEAR LAKE MEDICAL CENTER,701 THIRD AVENUE SOUTH,CLEAR LAKE,SD,57226
431323,MONUMENT HEALTH CUSTER HOSPITAL,1220 MONTGOMERY STREET,CUSTER,SD,57730
431326,MILBANK AREA HOSPITAL/AVERA HEALTH,301 FLYNN DRIVE,MILBANK,SD,57252
431338,AVERA GREGORY HOSPITAL,110 S LOGAN AVE,GREGORY,SD,57533
431383,EAGLE BUTTE INDIAN HEALTH SERVICE HOSPITAL,24276 166TH AIRPORT ROAD,EAGLE BUTTE,SD,57625
440012,WELLMONT BRISTOL REGIONAL MEDICAL CENTER,ONE MEDICAL PARK BLVD,BRISTOL,TN,37620
440057,CLAIBORNE MEDICAL CENTER,1850 OLD KNOXVILLE HIGHWAY,TAZEWELL,TN,37879
440065,TRISTAR NORTHCREST MEDICAL CENTER,100 NORTHCREST DRIVE,SPRINGFIELD,TN,37172
440150,TRISTAR SUMMIT MEDICAL CENTER,5655 FRIST BLVD,HERMITAGE,TN,37076
44016F,MOUNTAIN HOME VA MEDICAL CENTER,CORNER OF LAMONT STREET AND VETERANS WAY,MOUNTAIN HOME,TN,37684
440173,PARKWEST MEDICAL CENTER,9352 PARK WEST BLVD,KNOXVILLE,TN,37923
44017F,VA MIDDLE TENNESSEE HEALTHCARE SYSTEM - MURFREESBORO,3400 LEBANON PIKE,MURFREESBORO,TN,37129
441303,ASCENSION SAINT THOMAS THREE RIVERS,451 HIGHWAY 13 SOUTH,WAVERLY,TN,37185
444031,KNOXVILLE CENTER FOR BEHAVIORAL MEDICINE,1240 TENNOVA MEDICAL WAY,KNOXVILLE,TN,37909
450046,CHRISTUS SPOHN HOSPITAL CORPUS CHRISTI,600 ELIZABETH STREET,CORPUS CHRISTI,TX,78404
450079,BAYLOR SCOTT & WHITE MEDICAL CENTER AT IRVING,1901 N MACARTHUR BLVD,IRVING,TX,75061
450080,TITUS REGIONAL MEDICAL CENTER,2001 N JEFFERSON,MOUNT PLEASANT,TX,75455
450090,NORTH TEXAS MEDICAL CENTER,1900 HOSPITAL BLVD,GAINESVILLE,TX,76240
450101,BAYLOR SCOTT & WHITE MEDICAL CENTER HILLCREST,100 HILLCREST MEDICAL BLVD,WACO,TX,76712
450133,MIDLAND MEMORIAL HOSPITAL,400 ROSALIND REDFERN GROVER PARKWAY,MIDLAND,TX,79701
450237,CHRISTUS SANTA ROSA MEDICAL CENTER,11212 State Hwy 151,SAN ANTONIO,TX,78251
450241,FAITH COMMUNITY HOSPITAL,215 CHISHOLM TRAIL,JACKSBORO,TX,76458
450292,TEXAS HEALTH PRESBYTERIAN HOSPITAL KAUFMAN,850 ED HALL,KAUFMAN,TX,75142
450324,TEXOMA MEDICAL CENTER,5016 S US HIGHWAY 75,DENISON,TX,75020
450347,HUNTSVILLE MEMORIAL HOSPITAL,110 MEMORIAL HOSPITAL DRIVE,HUNTSVILLE,TX,77340
450369,CHILDRESS REGIONAL MEDICAL CENTER,HWY 83 NORTH,CHILDRESS,TX,79201
450372,BAYLOR SCOTT & WHITE MEDICAL CENTER- WAXAHACHIE,2400 N INTERSTATE HIGHWAY 35E,WAXAHACHIE,TX,75165
450395,CHI ST LUKES HEALTH MEMORIAL LIVINGSTON,1717 HWY 59 BYPASS,LIVINGSTON,TX,77351
450447,NAVARRO REGIONAL HOSPITAL,3201 WEST HIGHWAY 22,CORSICANA,TX,75110
450484,WOODLAND HEIGHTS MEDICAL CENTER,505 SOUTH JOHN REDDITT DRIVE,LUFKIN,TX,75904
450489,MEDICAL ARTS HOSPITAL,2200 N BRYAN AVE,LAMESA,TX,79331
450518,THE MEDICAL CENTER OF SOUTHEAST TEXAS,2555 JIMMY JOHNSON BLVD,PORT ARTHUR,TX,77640
450563,BAYLOR SCOTT & WHITE MEDICAL CENTER  GRAPEVINE,1650 W COLLEGE ST,GRAPEVINE,TX,76051
450617,HCA HOUSTON HEALTHCARE CLEAR LAKE,500 W MEDICAL CENTER BLVD,WEBSTER,TX,77598
450638,HCA HOUSTON HEALTHCARE NORTHWEST,710 CYPRESS CREEK PARKWAY,HOUSTON,TX,77090
450677,TEXAS HEALTH HUGULEY HOSPITAL FORT WORTH SOUTH,11801 SOUTH FREEWAY,FORT WORTH,TX,76115
45068F,William Beaumont AMG (FT Bliss),18511 Highlander Medics St,El Paso,TX,79920
450690,UNIVERSITY OF TEXAS HEALTH SCIENCE CENTER AT TYLER,11937 US HIGHWAY 271,TYLER,TX,75708
45070F,Darnall AMC (FT Cavazos),590 Medical Center Rd,Fort Cavazos,TX,76544
450743,TEXAS HEALTH PRESBYTERIAN HOSPITAL DENTON,3000 N I-35,DENTON,TX,76201
450820,HOUSTON METHODIST SUGARLAND HOSPITAL,16655 SOUTHWEST FREEWAY,SUGAR LAND,TX,77479
450828,CHRISTUS SPOHN HOSPITAL ALICE,2500 E MAIN STREET,ALICE,TX,78332
450844,HOUSTON METHODIST WILLOWBROOK HOSPITAL,18220 STATE HIGHWAY 249,HOUSTON,TX,77070
450847,MEMORIAL HERMANN KATY HOSPITAL,23900 KATY FREEWAY,KATY,TX,77494
450855,HARLINGEN MEDICAL CENTER,5501 SOUTH EXPRESSWAY 77,HARLINGEN,TX,78550
450860,SUGAR LAND SURGICAL HOSPITAL LLP,16906 SOUTHWEST FREEWAY,SUGAR LAND,TX,77479
45086F,TEMPLE VA MEDICAL CENTER (VA CENTRAL TEXAS HEALTHCARE SYSTEM),1901 VETERANS MEMORIAL DRIVE,TEMPLE,TX,76504
450874,BAYLOR SURGICAL HOSPITAL AT LAS COLINAS,400 WEST LYNDON B JOHNSON SUITE 101B,IRVING,TX,75063
450883,BAYLOR MEDICAL CENTER AT TROPHY CLUB,2850  E STATE HIGHWAY 114,TROPHY CLUB,TX,76262
451307,IRAAN GENERAL HOSPITAL,600 HIGHWAY 349 NORTH,IRAAN,TX,79744
451309,MC CAMEY HOSPITAL,2500 HWY 305 SOUTH,MCCAMEY,TX,79752
451325,CONCHO COUNTY HOSPITAL,614 EAKER STREET,EDEN,TX,76837
451329,RANKIN HOSPITAL MEDICAL CLINIC,1611 SPUR 576,RANKIN,TX,79778
451333,MARTIN COUNTY HOSPITAL DISTRICT,600 E INTERSTATE 20     PO BOX 640,STANTON,TX,79782
451338,CULBERSON HOSPITAL,EISENHOWER ROAD AND FM 2185,VAN HORN,TX,79855
451342,MITCHELL COUNTY HOSPITAL DISTRICT,997 WEST I-20,COLORADO CITY,TX,79512
451348,HEART OF TEXAS MEMORIAL HOSPITAL,2008 NINE ROAD,BRADY,TX,76825
451354,HAMILTON HOSPITAL,901 WEST HAMILTON,OLNEY,TX,76374
451365,ASCENSION SETON HIGHLAND LAKES,HIGHWAY 281 SOUTH,BURNET,TX,78611
451372,MULESHOE AREA MEDICAL CENTER,708 S 1ST ST,MULESHOE,TX,79347
451385,GOODALL WITCHER HOSPITAL,101 POSEY AVENUE,CLIFTON,TX,76634
451389,PECOS COUNTY MEMORIAL HOSPITAL,387 WEST I 10,FORT STOCKTON,TX,79735
451391,FRIO REGIONAL HOSPITAL,200 S IH 35,PEARSALL,TX,78061
451395,HILL REGIONAL HOSPITAL,101 CIRCLE DRIVE,HILLSBORO,TX,76645
451398,PAMPA REGIONAL MEDICAL CENTER,1 MEDICAL PLAZA,PAMPA,TX,79065
453317,COOK CHILDRENS MEDICAL CENTER PROSPER,4100 W UNIVERSITY DRIVE,PROSPER,TX,75078
453321,DRISCOLL CHILDREN'S HOSPITAL RIO GRANDE VALLEY,2820 W MICHAELANGELO DRIVE,EDINBURG,TX,78539
454000,BIG SPRING STATE HOSPITAL,1901 NORTH HIGHWAY 87,BIG SPRING,TX,79721
454026,WEST OAKS HOSPITAL,6500 HORNWOOD,HOUSTON,TX,77074
454110,OCEANS BEHAVIORAL  HOSPITAL OF PERMIAN BASIN,3300 S FM 1788,MIDLAND,TX,79706
454114,CEDAR CREST HOSPITAL & RTC,3500 SOUTH IH-35,BELTON,TX,76513
454121,AUSTIN OAKS HOSPITAL,1407 WEST STASSNEY LANE,AUSTIN,TX,78745
454127,ROCK SPRINGS,700 SOUTHEAST INNER LOOP,GEORGETOWN,TX,78626
454131,WESTPARK SPRINGS LLC,6902 S PEEK ROAD,RICHMOND,TX,77407
454141,PALMS BEHAVIORAL HEALTH,613 VICTORIA LANE,HARLINGEN,TX,78550
454148,PERIMETER BEHAVIORAL HOSPITAL OF ARLINGTON,7000 US HIGHWAY 287,ARLINGTON,TX,76001
454155,OCEANS BEHAVIORAL HOSPITAL OF CORPUS CHRISTI,600 ELIZABETH ST 5 EAST,CORPUS CHRISTI,TX,78404
454156,VOYAGES BEHAVIORAL HEALTH OF SUGAR LAND,11931 HIGHWAY 6 SOUTH,SUGAR LAND,TX,77498
454158,VOYAGES BEHAVIORAL HEALTH OF CONROE,1317 S LOOP 336 WEST,CONROE,TX,77304
460005,OGDEN REGIONAL MEDICAL CENTER,5475 SOUTH 500 EAST,OGDEN,UT,84405
460014,MOUNTAIN WEST MEDICAL CENTER,2055 NORTH MAIN STREET,TOOELE,UT,84074
460021,ST. GEORGE REGIONAL HOSPITAL,1380 EAST MEDICAL CENTER DRIVE,ST GEORGE,UT,84790
460057,PARK CITY HOSPITAL,900 ROUND VALLEY DRIVE,PARK CITY,UT,84060
460062,INTERMOUNTAIN HEALTH SPANISH FORK HOSPITAL,765 EAST MARKET PLACE DRIVE,SPANISH FORK,UT,84660
461305,MILFORD MEMORIAL HOSPITAL,850 NORTH MAIN STREET,MILFORD,UT,84751
461307,INTERMOUNTAIN HEALTH HEBER VALLEY HOSPITAL,454 EAST MEDICAL WAY,HEBER CITY,UT,84032
461310,BLUE MOUNTAIN HOSPITAL,802 SOUTH 200 WEST,BLANDING,UT,84511
463301,PRIMARY CHILDREN'S HOSPITAL,100 NORTH MARIO CAPECCHI DRIVE,SALT LAKE CITY,UT,84113
470001,CENTRAL VERMONT MEDICAL CENTER,BOX 547,BARRE,VT,05641
471300,GRACE COTTAGE HOSPITAL,po box 216,TOWNSHEND,VT,05353
471306,SPRINGFIELD HOSPITAL,PO BOX 2003,SPRINGFIELD,VT,05156
474001,BRATTLEBORO RETREAT,ANNA MARSH LANE PO BOX 803,BRATTLEBORO,VT,05301
480001,"ROY LESTER SCHNEIDER HOSPITAL,THE",9048 SUGAR ESTATE,ST THOMAS,VI,00801
480002,GOV JUAN F LUIS HOSPITAL & MEDICAL CTR,"#4007 EST DIAMOND RUBY, CHRISTIANSTED",ST CROIX,VI,00820
490009,UNIVERSITY OF VIRGINIA MEDICAL CENTER,1215 LEE STREET,CHARLOTTESVILLE,VA,22908
49001F,Fort Belvoir Community Hospital,9300 DeWitt Loop,Fort Belvoir,VA,22060
490023,FAUQUIER HOSPITAL,500 HOSPITAL DRIVE,WARRENTON,VA,20186
490033,WARREN MEMORIAL HOSPITAL,351 VALLEY HEALTH WAY,FRONT ROYAL,VA,22630
490046,SENTARA LEIGH HOSPITAL,830 KEMPSVILLE ROAD,NORFOLK,VA,23502
490053,JOHNSTON MEMORIAL HOSPITAL,16000 JOHNSTON MEMORIAL DRIVE,ABINGDON,VA,24211
490063,INOVA FAIRFAX HOSPITAL,3300 GALLOWS ROAD,FALLS CHURCH,VA,22042
490066,SENTARA WILLIAMSBURG REGIONAL MEDICAL CENTER,100 SENTARA CIRCLE,WILLIAMSBURG,VA,23185
490090,"SOUTHSIDE COMMUNITY HOSPITAL, INC",800 OAK STREET,FARMVILLE,VA,23901
490104,HIRAM W DAVIS MEDICAL CENTER,P O BOX 4030,PETERSBURG,VA,23803
49010F,RICHMOND VA MEDICAL CENTER,1201 BROAD ROCK BOULEVARD,RICHMOND,VA,23249
490119,SENTARA PRINCESS ANNE HOSPITAL,2025 GLENN MITCHELL DRIVE,VIRGINIA BEACH,VA,23456
490122,INOVA MOUNT VERNON HOSPITAL,2501 PARKERS LANE,ALEXANDRIA,VA,22306
490126,LEWISGALE HOSPITAL ALLEGHANY,ONE ARH LANE - PO BOX 7,LOW MOOR,VA,24457
490143,RIVERSIDE DOCTORS' HOSPITAL OF WILLIAMSBURG,1500 COMMONWEALTH AVENUE,WILLIAMSBURG,VA,23185
491302,CARILION GILES COMMUNITY HOSPITAL,159 HARTLEY WAY,PEARISBURG,VA,24134
491308,RAPPAHANNOCK GENERAL HOSPITAL,101 HARRIS ROAD,KILMARNOCK,VA,22482
493300,CUMBERLAND HOSPITAL LLC,9407 CUMBERLAND ROAD,NEW KENT,VA,23124
494025,VIRGINIA BEACH PSYCHIATRIC CENTER,1100 FIRST COLONIAL ROAD,VIRGINIA BEACH,VA,23454
500002,PROVIDENCE ST MARY MEDICAL CENTER,401 W POPLAR ST,WALLA WALLA,WA,99362
500031,GRAYS HARBOR COMMUNITY HOSPITAL,915 ANDERSON DRIVE,ABERDEEN,WA,98520
500044,DEACONESS MEDICAL CENTER,W 800 FIFTH AVENUE,SPOKANE,WA,99210
500054,PROV SACRED HRT MED CTR & CHILDS HOSP.,101 WEST 8TH AVENUE,SPOKANE,WA,99220
501316,KLICKITAT VALLEY HOSPITAL,310 SOUTH ROOSEVELT,GOLDENDALE,WA,98620
501340,PEACEHEALTH PEACE ISLAND MEDICAL CENTER,1117 SPRING STREET,FRIDAY HARBOR,WA,98250
510001,"WEST VIRGINIA UNIVERSITY HOSPITALS, INC",MEDICAL CENTER DRIVE,MORGANTOWN,WV,26506
510058,CAMDEN CLARK MEDICAL CENTER,800 GARFIELD AVE,PARKERSBURG,WV,26101
511300,VANDALIA HEALTH BROADDUS HOSPITAL,1 HEALTHCARE DRIVE MANSFIELD HILL,PHILIPPI,WV,26416
511307,"GRAFTON CITY HOSPITAL, INC",1 HOSPITAL PLAZA,GRAFTON,WV,26354
511309,VALLEY HEALTH WAR MEMORIAL HOSPITAL,1 HEALTHY WAY,BERKELEY SPRINGS,WV,25411
511310,SUMMERS COUNTY ARH HOSPITAL,115 SUMMERS HOSPITAL ROAD,HINTON,WV,25951
511312,PRESTON MEMORIAL HOSPITAL,150 MEMORIAL DRIVE,KINGWOOD,WV,26537
511320,JACKSON GENERAL HOSPITAL,122 PINNELL ST,RIPLEY,WV,25271
514009,MILDRED MITCHELL-BATEMAN HOSPITAL,1530 NORWAY AVENUE,HUNTINGTON,WV,25705
514011,"HIGHLAND-CLARKSBURG HOSPITAL, INC",3 HOSPITAL PLAZA,CLARKSBURG,WV,26301
520019,ASPIRUS RHINELANDER HOSPITAL,2251 NORTH SHORE DR,RHINELANDER,WI,54501
520045,THEDACARE REGIONAL MED CTR - NEENAH,130 2ND ST,NEENAH,WI,54956
520070,MAYO CLINIC HEALTH SYSTEM EAU CLAIRE HOSPITAL,1221 WHIPPLE ST,EAU CLAIRE,WI,54703
520095,SAUK PRAIRIE HOSPITAL,260 26TH STREET,PRAIRIE DU SAC,WI,53578
520189,AURORA MEDICAL CENTER KENOSHA,10400 75TH ST,KENOSHA,WI,53142
520194,ORTHOPAEDIC HOSPITAL OF WISCONSIN,475 W RIVER WOODS PKWY,GLENDALE,WI,53212
520196,OAKLEAF SURGICAL HOSPITAL,1000 OAKLEAF WAY,ALTOONA,WI,54720
520206,AURORA MEDICAL CENTER - SUMMIT,36500 AURORA DRIVE,SUMMIT,WI,53066
520207,AURORA MEDICAL CENTER,975 PORT WASHINGTON ROAD,GRAFTON,WI,53024
521312,LAFAYETTE HOSPITAL AND CLINICS,211 BEV ANDERSON DR,DARLINGTON,WI,53530
521316,GUNDERSEN TRI-COUNTY HOSPITAL & CLINICS,18601 LINCOLN ST,WHITEHALL,WI,54773
521320,TOMAH MEMORIAL HOSPITAL,501 GOPHER DR,TOMAH,WI,54660
521330,CROSSING RIVERS HEALTH MEDICAL CENTER,37868 US HWY 18,PRAIRIE DU CHIEN,WI,53821
521332,SPOONER HEALTH SYSTEM,1280 CHANDLER DR,SPOONER,WI,54801
521347,WESTERN WISCONSIN HEALTH,730 10TH AVE,BALDWIN,WI,54002
521353,CUMBERLAND MEMORIAL HOSPITAL,1705 16TH AVE,CUMBERLAND,WI,54829
521357,MERCY WALWORTH HOSPITAL & MEDICAL CENTER,N2950 STATE ROAD 67,LAKE GENEVA,WI,53147
523302,CHILDRENS HOSPITAL OF WISCONSIN FOX VALLEY,130 SECOND ST,NEENAH,WI,54956
524002,WINNEBAGO MENTAL HEALTH INSTITUTE,4100 TREFFERT DR,WINNEBAGO,WI,54985
530015,ST JOHNS MEDICAL CENTER,po box 428,JACKSON,WY,83001
530038,SUBLETTE COUNTY HEALTH,615 E HENNICK ST,PINEDALE,WY,82941
53005F,SHERIDAN VA MEDICAL CENTER,1898 FORT ROAD,SHERIDAN,WY,82801
531307,COMMUNITY HOSPITAL,2000 CAMPBELL DRIVE,TORRINGTON,WY,82240
531317,NORTH PLATTE VALLEY MEDICAL CENTER,1300 WEST BRIDGE AVE,SARATOGA,WY,82331
531318,MEMORIAL HOSPITAL SWEETWATER COUNTY,1200 COLLEGE DRIVE,ROCK SPRINGS,WY,82901
640001,LBJ TROPICAL MEDICAL CENTER,"FAGAALU VILLAGE, P O BOX LBJ",PAGO PAGO,AS,96799
650001,GUAM MEMORIAL  HOSPITAL AUTHORITY,85O GOV CARLOS G CAMACHO ROAD,TAMUNING,GU,96913
650003,GUAM REGIONAL MEDICAL CITY,133 ROUTE 3,DEDEDO,GU,96929
660001,COMMONWEALTH HEALTH CENTER,1 LOWER NAVY HILL ROAD (PO BOX 409CK),GARAPAN,MP,96950
670080,SETON MEDICAL CENTER HARKER HEIGHTS,850 W CENTRAL TEXAS EXPRESSWAY,HARKER HEIGHTS,TX,76548
670088,BAYLOR SCOTT & WHITE MEDICAL CENTER- COLLEGE STATI,700 SCOTT & WHITE DRIVE,COLLEGE STATION,TX,77845
670090,CRESCENT MEDICAL CENTER LANCASTER,2600 WEST PLEASANT RUN ROAD,LANCASTER,TX,75146
670106,HCA HOUSTON HEALTHCARE PEARLAND,11100 SHADOW CREEK PARKWAY,PEARLAND,TX,77584
670112,LEGENT ORTHOPEDIC + SPINE,5330 NORTH LOOP 1604 WEST,SAN ANTONIO,TX,78249
670120,THE HOSPITALS OF PROVIDENCE TRANSMOUNTAIN CAMPUS,2000 TRANSMOUNTAIN RD,EL PASO,TX,79911
670122,HOUSTON METHODIST THE WOODLANDS HOSPITAL,17201 INTERSTATE 45 SOUTH,THE WOODLANDS,TX,77385
670131,BAYLOR SCOTT & WHITE MEDICAL CENTER - BUDA,5330 OVERPASS ROAD SUITE 110,BUDA,TX,78610
670132,METHODIST SOUTHLAKE MEDICAL CENTER,421 E STATE HIGHWAY 114,SOUTHLAKE,TX,76092
670285,ELITE HOSPITAL KINGWOOD,23330 HIGHWAY 59 N,KINGWOOD,TX,77339
670300,METHODIST MIDLOTHIAN MEDICAL CENTER,1201 E HIGHWAY 287,MIDLOTHIAN,TX,76065
670309,TEXAS HEALTH HOSPITAL MANSFIELD,2300 LONE STAR ROAD,MANSFIELD,TX,76063
670314,ST MICHAELS MEDICAL HOSPITAL LLC,"16000 SOUTHWEST FREEWAY, SUITE 100",SUGAR LAND,TX,77479
670321,ADVANCED DALLAS HOSPITALS AND CLINICS,7502 GREENVILLE AVENUE,DALLAS,TX,75231
670326,BRUSHY CREEK FAMILY HOSPITAL LLC,230 DEER RIDGE DR,ROUND ROCK,TX,78681
670327,EXCEPTIONAL COMMUNITY HOSPITAL LUBBOCK,6401 SPUR 327,LUBBOCK,TX,79424
670333,WESTOVER HILLS BAPTIST HOSPITAL,3011 W LOOP 1604 N,SAN ANTONIO,TX,78251
670335,UT HEALTH SAN ANTONIO MULTISPECIALTY & RESEARCH HO,8311 EWING HALSELL DR,SAN ANTONIO,TX,78229
670340,METHODIST CELINA MEDICAL CENTER,1500 S DALLAS PARKWAY,CELINA,TX,75009
670342,HOUSTON METHODIST CYPRESS HOSPITAL,24500 NORTHWEST FWY,CYPRESS,TX,77429
670346,BAYLOR SCOTT AND WHITE MEDICAL CENTER FRISCO AT PG,7600 BETTER WAY,FRISCO,TX,75033
671300,GRAHAM REGIONAL MEDICAL CENTER,1301 MONTGOMERY ROAD,GRAHAM,TX,76450
